{"type":"FeatureCollection","features":[{"id":"2","type":"Feature","properties":{"pop_est":603253,"continent":"Africa","name":"W. Sahara","iso_a3":"ESH","gdp_md_est":906.5},"geometry":{"type":"Polygon","coordinates":[[[-8.665589565454809,27.656425889592356],[-8.6872936670174,25.881056219988906],[-11.96941891117116,25.933352769468268],[-11.937224493853321,23.374594224536168],[-12.874221564169575,23.284832261645178],[-13.118754441774712,22.771220201096256],[-12.929101935263532,21.327070624267563],[-16.845193650773993,21.33332347257488],[-17.06342322434257,20.999752102130827],[-17.02042843267577,21.422310288981578],[-14.750954555713534,21.500600083903663],[-14.630832688851072,21.860939846274903],[-14.221167771857253,22.31016307218816],[-13.891110398809047,23.691009019459305],[-12.50096269372537,24.7701162785782],[-12.03075883630163,26.030866197203068],[-11.718219773800357,26.104091701760623],[-11.392554897497007,26.883423977154393],[-10.551262579785273,26.990807603456886],[-9.735343390328879,26.860944729107405],[-9.41303748212448,27.088476060488574],[-8.794883999049077,27.120696316022507],[-8.817828334986672,27.656425889592356],[-8.665589565454809,27.656425889592356]]]}},{"id":"5","type":"Feature","properties":{"pop_est":18556698,"continent":"Asia","name":"Kazakhstan","iso_a3":"KAZ","gdp_md_est":460700.0},"geometry":{"type":"Polygon","coordinates":[[[87.35997033076265,49.21498078062912],[86.59877648310336,48.549181626980626],[85.7682328633083,48.45575063739699],[85.72048383987067,47.452969468773105],[85.16429039911324,47.0009557155161],[83.18048383986047,47.33003123635086],[82.45892581576906,45.539649563166506],[81.9470707539181,45.31702749285312],[79.96610639844141,44.91751699480463],[80.86620649610126,43.18036204688101],[80.1801501809943,42.92006785742694],[80.2599902688853,42.34999929459906],[79.64364546094012,42.49668284765953],[79.14217736197978,42.85609243424952],[76.00035363149846,42.98802236589067],[75.63696495962202,42.87789988867668],[74.21286583852256,43.29833934180337],[73.64530358266092,43.09127187760987],[73.48975752146237,42.50089447689132],[71.8446382994506,42.8453954127651],[71.18628055205212,42.70429291439214],[70.96231489449914,42.266154283205495],[69.07002729683524,41.38424428971234],[68.63248294462002,40.66868073176681],[68.25989586779562,40.6623245305949],[67.98585574735182,41.13599070898222],[66.71404707221652,41.1684435084615],[66.51064863471572,41.987644151368556],[66.02339155463562,41.99464630794404],[66.09801232286509,42.997660020513095],[64.90082441595928,43.72808055274258],[62.01330040878625,43.50447663021565],[61.05831994003245,44.40581696225051],[58.50312706892845,45.586804307632974],[55.928917270741096,44.99585846615911],[55.96819135928291,41.30864166926936],[55.45525109235377,41.25985911718584],[54.75534549339264,42.043971462566574],[54.07941775901495,42.32410940202083],[52.944293247291654,42.11603424739759],[52.50245975119615,41.78331553808637],[52.44633914572722,42.027150783855575],[52.692112257707265,42.44389537207337],[52.50142622255032,42.7922978785852],[51.342427199108215,43.132974758469345],[50.89129194520024,44.03103363705378],[50.339129266161365,44.284015611338475],[50.30564293803627,44.609835516938915],[51.278503452363225,44.51485423438646],[51.31689904155604,45.2459982366679],[52.16738976421573,45.40839142514511],[53.0408764992452,45.25904653582177],[53.220865512917726,46.234645901059935],[53.042736850807785,46.85300608986449],[52.04202273947561,46.80463694923924],[51.191945428274266,47.048704738953916],[49.10116000000011,46.399330000000134],[48.59325000000018,46.56104000000005],[48.694733514201744,47.07562816017793],[48.05725000000001,47.74377000000004],[47.31524000000013,47.7158500000001],[46.46644575377627,48.39415233010493],[47.04367150247651,49.152038886097614],[46.75159630716274,49.35600576435377],[47.54948042174931,50.454698391311126],[48.57784142435753,49.87475962991567],[48.70238162618102,50.60512848571284],[50.76664839051216,51.6927623561599],[52.32872358583097,51.718652248738124],[55.71694000000002,50.62171000000018],[56.77798000000013,51.043550000000096],[58.363320000000044,51.06364000000002],[59.642282342370606,50.545442206415714],[59.93280724471549,50.842194118851864],[61.337424350840934,50.79907013610426],[61.58800337102417,51.272658799843214],[59.967533807215545,51.9604204372157],[60.92726850774028,52.44754832621504],[60.73999311711458,52.71998647725775],[61.699986199800605,52.97999644633427],[60.978066440683165,53.66499339457914],[61.43660000000017,54.00625000000002],[65.17853356309593,54.35422781027211],[65.66687000000002,54.60125000000011],[68.16910037625883,54.97039175070432],[69.06816694527288,55.38525014914353],[70.86526655465514,55.169733588270105],[71.18013105660941,54.13328522400826],[72.22415001820218,54.376655381886735],[73.5085160663844,54.0356167669766],[73.42567874542044,53.489810289109755],[74.38482000000016,53.54685000000012],[76.89110029491343,54.49052440044193],[76.52517947785475,54.17700348572714],[77.80091556184425,53.404414984747575],[80.03555952344169,50.86475088154725],[80.56844689323549,51.38833649352847],[81.94598554883993,50.81219594990637],[83.38300377801238,51.069182847693924],[83.93511478061885,50.88924551045358],[84.41637739455308,50.311399644565824],[85.11555952346203,50.11730296487764],[85.54126997268247,49.69285858824816],[86.82935672398963,49.82667470966817],[87.35997033076265,49.21498078062912]]]}},{"id":"6","type":"Feature","properties":{"pop_est":29748859,"continent":"Asia","name":"Uzbekistan","iso_a3":"UZB","gdp_md_est":202300.0},"geometry":{"type":"Polygon","coordinates":[[[55.96819135928291,41.30864166926936],[55.928917270741096,44.99585846615911],[58.50312706892845,45.586804307632974],[61.05831994003245,44.40581696225051],[62.01330040878625,43.50447663021565],[64.90082441595928,43.72808055274258],[66.09801232286509,42.997660020513095],[66.02339155463562,41.99464630794404],[66.51064863471572,41.987644151368556],[66.71404707221652,41.1684435084615],[67.98585574735182,41.13599070898222],[68.25989586779562,40.6623245305949],[68.63248294462002,40.66868073176681],[69.07002729683524,41.38424428971234],[70.96231489449914,42.266154283205495],[71.25924767444823,42.16771067968946],[70.42002241402821,41.51999827734314],[71.1578585142916,41.14358714452912],[71.87011478057047,41.392900092121266],[73.05541710804917,40.866033026689465],[71.77487511585656,40.14584442805378],[70.60140669137269,40.21852733007229],[70.45815962105962,40.49649485937029],[70.66662234892505,40.960213324541414],[69.32949466337283,40.72782440852485],[69.0116329283455,40.08615814875667],[68.53641645698943,39.53345286717894],[67.70142866401736,39.58047842056453],[67.44221967964131,39.140143541005486],[68.17602501818592,38.901553453113905],[68.39203250516596,38.15702525486874],[67.82999962755952,37.144994004864685],[67.07578209825962,37.35614390720929],[66.51860680528867,37.36278432875879],[66.54615034370022,37.97468496352687],[65.2159989765074,38.4026950139843],[64.17022301621677,38.892406724598246],[62.374260288345006,40.05388621679039],[61.88271406438469,41.084856879229406],[61.54717898951356,41.266370347654615],[60.465952996670694,41.22032664648255],[60.083340691981675,41.425146185871405],[59.976422153569786,42.22308197689021],[58.62901085799146,42.75155101172305],[57.78652998233708,42.17055288346552],[56.932215203687804,41.826026109375604],[57.0963912290791,41.32231008561057],[55.96819135928291,41.30864166926936]]]}},{"id":"12","type":"Feature","properties":{"pop_est":7531386,"continent":"Africa","name":"Somalia","iso_a3":"SOM","gdp_md_est":4719.0},"geometry":{"type":"Polygon","coordinates":[[[41.58513,-1.6832500000000001],[40.993,-0.85829],[40.98105,2.7845199999999997],[42.128609999999995,4.23413],[42.76967,4.25259],[43.66086999999999,4.957550000000083],[44.96360000000001,5.00162],[47.78942,8.003],[48.93812951029645,9.451748968946617],[48.94820475850974,11.410617281697963],[50.25878000000001,11.67957],[50.73202,12.021900000000002],[51.1112,12.024640000000002],[51.04531,10.6409],[50.834179999999996,10.279720000000001],[50.55239,9.19874],[49.45270000000001,6.80466],[48.594550000000005,5.339110000000001],[46.56476,2.85529],[43.13597,0.2922],[42.04157000000001,-0.9191600000000001],[41.58513,-1.6832500000000001]]]}},{"id":"14","type":"Feature","properties":{"pop_est":37345935,"continent":"Africa","name":"Sudan","iso_a3":"SDN","gdp_md_est":176300.0},"geometry":{"type":"Polygon","coordinates":[[[24.567369012152085,8.229187933785468],[23.805813429466752,8.666318874542526],[23.459012892355986,8.954285793488893],[23.394779087017184,9.265067857292223],[23.55724979014283,9.681218166538684],[23.554304233502194,10.089255275915308],[22.97754357269261,10.71446259199854],[22.876219999999932,11.384610000000123],[22.50869,11.679360000000031],[22.497619999999984,12.260240000000067],[22.288010000000043,12.646049999999946],[21.93680999999998,12.588180000000136],[22.296580000000006,13.372319999999945],[22.18329,13.78648000000004],[22.512020000000007,14.093179999999961],[22.30350999999996,14.326820000000055],[23.024590000000103,15.680720000000065],[23.886890000000108,15.610839999999996],[23.850000000000136,20.000000000000057],[25.000000000000114,20.003040000000055],[25.0,22.0],[36.86622999999997,22.0],[37.1887200000001,21.018850000000043],[36.969409999999925,20.83744000000013],[37.11470000000014,19.807960000000094],[37.4817900000001,18.61409000000009],[38.410089959473225,17.998307399970315],[37.90400000000011,17.427540000000022],[37.167470000000094,17.263140000000135],[36.852530000000115,16.956549999999993],[36.32321999999999,14.822490000000016],[36.42951000000005,14.422110000000032],[36.27022000000005,13.563330000000121],[35.86363,12.578280000000063],[35.26049000000006,12.08286000000004],[34.73115000000013,10.910170000000107],[34.25745000000006,10.630089999999996],[33.961620000000096,9.583580000000097],[33.97498000000007,8.68455999999992],[33.963392794971185,9.464285229420625],[33.82496348090751,9.484060845715362],[33.72195924818311,10.325262079630193],[33.206938084561784,10.720111638406593],[33.086766479716744,11.441141267476496],[33.206938084561784,12.179338268667095],[32.743419037302544,12.248007757149992],[32.67474954881965,12.02483191958072],[32.073891524594785,11.973329803218519],[32.31423473428475,11.68148447716652],[32.400071594888345,11.080626452941488],[31.35286189552488,9.810240916008695],[30.837840731903384,9.70723668328452],[29.996639497988554,10.290927335388687],[29.61895731133285,10.084918869940225],[29.515953078608618,9.793073543888056],[29.000931914987177,9.60423245056029],[28.966597170745786,9.398223985111656],[27.970889587744352,9.398223985111656],[27.833550610778786,9.60423245056029],[27.112520981708883,9.638567194801624],[26.752006167173818,9.466893473594496],[26.477328213242515,9.552730334198088],[25.790633328413946,10.411098940233728],[25.069603699343986,10.273759963267992],[24.794925745412684,9.810240916008695],[24.53741516360202,8.91753756573172],[23.886979580860668,8.619729712933065],[24.567369012152085,8.229187933785468]]]}},{"id":"15","type":"Feature","properties":{"pop_est":12075985,"continent":"Africa","name":"Chad","iso_a3":"TCD","gdp_md_est":30590.0},"geometry":{"type":"Polygon","coordinates":[[[23.83766000000014,19.580470000000105],[23.886890000000108,15.610839999999996],[23.024590000000103,15.680720000000065],[22.30350999999996,14.326820000000055],[22.512020000000007,14.093179999999961],[22.18329,13.78648000000004],[22.296580000000006,13.372319999999945],[21.93680999999998,12.588180000000136],[22.288010000000043,12.646049999999946],[22.497619999999984,12.260240000000067],[22.50869,11.679360000000031],[22.876219999999932,11.384610000000123],[22.864165480244225,11.142395127807546],[22.23112918466876,10.97188873946061],[21.723821648859456,10.567055568885976],[21.000868361096167,9.475985215691509],[20.05968549976427,9.012706000194854],[19.09400800952602,9.07484691002584],[18.812009718509273,8.982914536978598],[18.911021762780507,8.630894680206353],[17.964929640380888,7.890914008002994],[16.705988396886255,7.5083275415299795],[16.290561557691888,7.754307359239419],[16.106231723706742,7.497087917506462],[15.279460483469109,7.421924546737969],[15.436091749745742,7.692812404811889],[14.97999555833769,8.796104234243472],[14.54446658698177,8.965861314322268],[13.954218377344006,9.549494940626687],[14.171466098699028,10.021378282099931],[14.62720055508106,9.920919297724538],[15.467872755605242,9.982336737503545],[14.92356489427496,10.891325181517473],[14.89336000000003,12.219049999999982],[14.495787387762846,12.85939626713733],[14.595781284247607,13.33042694747786],[13.95447675950561,13.353448798063766],[13.956698846094127,13.996691189016929],[13.540393507550789,14.367133693901224],[13.972170000000006,15.684370000000058],[15.247731154041844,16.627305813050782],[15.30044111497972,17.927949937405003],[15.685740594147774,19.957180080642388],[15.903246697664315,20.387618923417506],[15.487148064850146,20.730414537025638],[15.47106000000008,21.04845000000006],[15.096887648181848,21.30851878507491],[14.851300000000037,22.862950000000126],[15.860850000000084,23.409719999999993],[23.83766000000014,19.580470000000105]]]}},{"id":"18","type":"Feature","properties":{"pop_est":142257519,"continent":"Europe","name":"Russia","iso_a3":"RUS","gdp_md_est":3745000.0},"geometry":{"type":"MultiPolygon","coordinates":[[[[178.7253,71.0988],[180.00000000000006,71.51571433642829],[180.00000000000006,70.83219920854673],[178.90342499999997,70.78114000000001],[178.7253,71.0988]]],[[[49.10116000000011,46.399330000000134],[48.64541000000008,45.806290000000104],[47.67590999999999,45.64149000000015],[46.68201000000005,44.6092000000001],[47.59093999999999,43.660160000000076],[47.49252000000007,42.98658000000012],[48.58437000000015,41.808880000000045],[47.98728315612598,41.40581920019423],[47.81566572448463,41.15141612402135],[47.37331546406623,41.2197323675112],[46.68607059101661,41.82713715266988],[45.776400000000024,42.09244000000018],[45.47027916848572,42.50278066666998],[44.537622918481986,42.71199270280363],[43.931210000000135,42.55496000000011],[43.75599000000011,42.740830000000074],[42.39440000000013,43.220300000000066],[40.07696495947977,43.553104153002316],[39.955008579270924,43.43499766699922],[38.68000000000001,44.280000000000086],[37.539120000000025,44.65721000000002],[36.6754600000001,45.244690000000105],[37.4031700000001,45.40451000000013],[38.23295000000002,46.24087000000003],[37.67372,46.636570000000006],[39.14767000000012,47.044750000000136],[39.121200000000044,47.26336000000009],[38.223538038899335,47.10218984637595],[38.25511233902978,47.54640045835691],[38.77057000000008,47.825620000000185],[39.738277622238854,47.89893707945197],[39.89562000000018,48.23241000000007],[39.674649999999986,48.78382000000016],[40.080789015469406,49.30742991799934],[40.06904000000014,49.60104999999999],[38.59498823421342,49.9264619004237],[38.01063113785693,49.9156615260747],[37.39345950699516,50.38395335550365],[36.62616784032542,50.225590928745135],[35.356116163887975,50.57719737405904],[35.377909999999986,50.773940000000096],[35.02218305841791,51.2075723333715],[34.22481570815427,51.25599315042888],[34.141978387190534,51.566413479206346],[34.39173058445709,51.768881740925906],[33.75269982273579,52.3350745713318],[32.41205813978769,52.28869497334978],[32.15944000000013,52.06125000000014],[31.785970000000077,52.1016800000001],[31.305200636528014,53.07399587667321],[31.49763999999999,53.16743000000014],[32.30451948418823,53.13272614197291],[32.69364301934604,53.35142080343218],[32.405598585751164,53.61804535584204],[31.731272820774507,53.79402944601202],[31.79142418796224,53.974638576872124],[31.38447228366374,54.15705638286238],[30.75753380709872,54.81177094178432],[30.971835971813135,55.08154775656404],[30.87390913262001,55.55097646750341],[29.896294386522356,55.78946320253041],[29.371571893030673,55.670090643936184],[29.229513380660308,55.91834422466636],[28.17670942557794,56.16912995057879],[27.855282016722526,56.75932648378429],[27.77001590344093,57.24425812441123],[27.288184848751513,57.47452830670383],[27.71668582531572,57.79189911562436],[27.42015000000015,58.72457000000014],[28.13169925305175,59.300825100330925],[27.981120000000033,59.47537000000011],[29.117700000000013,60.02805000000012],[28.07000000000005,60.503520000000094],[31.139991082490894,62.35769277612441],[31.516092156711125,62.86768748641289],[30.035872430142717,63.55281362573855],[30.44468468600371,64.20445343693909],[29.54442955904699,64.94867157659048],[30.217650000000003,65.80598],[29.054588657352326,66.94428620062206],[29.97742638522061,67.69829702419275],[28.445943637818658,68.36461294216404],[28.591929559043194,69.06477692328666],[31.10108000000008,69.55811000000011],[32.13272000000018,69.90595000000019],[33.77547000000004,69.30142000000012],[36.51396,69.06342000000006],[40.29234000000014,67.93240000000003],[41.059870000000046,67.45713000000012],[41.1259500000001,66.79158000000007],[40.01583000000005,66.26618000000013],[38.382949999999994,65.9995300000001],[33.91871000000015,66.75961000000001],[33.18444000000005,66.63252999999997],[34.814770000000124,65.90015000000017],[34.94391000000007,64.41437000000019],[37.01273000000009,63.84983000000011],[37.141970000000185,64.33471000000009],[36.53957903508979,64.76446000000004],[37.17604000000006,65.14322000000016],[39.59345000000002,64.5207900000002],[40.43560000000008,64.76446000000004],[39.76260000000019,65.49682000000001],[42.09309000000013,66.47623000000004],[43.01604000000009,66.41858000000013],[43.94975000000011,66.06908000000004],[44.53226000000001,66.75634000000014],[43.698390000000074,67.35245000000003],[44.18795000000017,67.95051000000012],[43.45282000000003,68.57078999999999],[46.250000000000114,68.25],[46.82134000000008,67.68997000000007],[45.55517000000003,67.56652000000003],[45.56202000000013,67.01005000000015],[46.34915000000012,66.6676700000001],[47.89416000000017,66.8845500000001],[48.13876000000005,67.52238000000006],[53.71743000000015,68.85738000000015],[54.47171000000009,68.80815000000001],[53.48582000000016,68.20130999999998],[54.726279999999974,68.09701999999999],[55.44268000000011,68.43866000000008],[57.31702000000007,68.4662800000001],[58.802000000000135,68.88081999999997],[59.94142000000011,68.27844000000005],[61.07784000000021,68.94069000000007],[60.02999999999997,69.5200000000001],[60.55000000000001,69.85000000000002],[63.50400000000013,69.54739000000006],[64.88811500000003,69.23483500000009],[68.51216000000016,68.09233000000012],[69.18068000000011,68.61563000000012],[68.16444000000007,69.14436000000006],[68.13522,69.35649000000012],[66.93008000000015,69.45461000000012],[67.25976000000009,69.92873000000009],[66.72492000000017,70.70889000000017],[66.69466000000006,71.02897000000019],[68.54006000000004,71.93450000000018],[69.19636000000003,72.84336000000019],[69.94,73.04000000000008],[72.58754000000005,72.77629000000013],[72.79603000000003,72.22005999999999],[71.84811000000008,71.4089800000001],[72.47010999999998,71.09019000000006],[72.79188000000005,70.39114000000001],[72.56470000000013,69.02085],[73.66787,68.40789999999998],[73.23870000000005,67.74040000000002],[71.28000000000009,66.3200000000001],[72.42301000000009,66.17267000000021],[72.82076999999998,66.53267000000005],[73.92099000000013,66.78946000000013],[74.18651000000011,67.28429],[75.05200000000008,67.76047000000011],[74.46926000000013,68.32899000000009],[74.9358400000001,68.98918000000009],[73.84235999999999,69.07146000000006],[73.60187000000019,69.62763000000001],[74.39980000000003,70.63175000000001],[73.10109999999997,71.4471700000002],[74.89082000000019,72.12119000000013],[74.65926000000007,72.83227000000005],[75.1580100000001,72.85497000000015],[75.68351000000013,72.30056000000013],[75.2889800000001,71.3355600000001],[76.35911000000004,71.15287000000018],[75.90313000000015,71.87401000000006],[77.57665000000009,72.26717000000002],[79.6520200000001,72.32011],[81.50000000000006,71.75000000000006],[80.6107100000001,72.58285000000012],[80.51109000000002,73.64819999999997],[82.25000000000006,73.85000000000014],[84.65526,73.80591000000021],[86.82230000000015,73.93688000000003],[86.00956000000002,74.45967000000019],[87.16682000000014,75.11643000000004],[88.31571000000008,75.14393000000007],[90.26000000000005,75.64000000000004],[92.90057999999999,75.7733300000001],[93.23421000000008,76.04720000000009],[95.86000000000018,76.1400000000001],[96.67821000000009,75.91548],[98.92254000000014,76.44689],[100.75967000000014,76.43028000000004],[101.03532000000001,76.86189000000007],[101.9908400000001,77.28754000000015],[104.35160000000013,77.69792000000007],[106.06664000000018,77.37389000000007],[104.70500000000015,77.12740000000008],[106.9701300000001,76.97419000000008],[107.24000000000012,76.48000000000002],[108.1538000000001,76.7233500000001],[111.0772600000002,76.71000000000004],[113.33150999999998,76.22224],[114.13417000000004,75.84764000000001],[113.88539000000003,75.32779000000016],[110.15125000000012,74.47673000000003],[109.40000000000003,74.18000000000006],[112.11919,73.78774000000016],[113.01954000000023,73.97693000000015],[113.52958000000024,73.33505000000014],[113.96880999999996,73.59488000000005],[115.56781999999998,73.75285000000008],[118.77633000000014,73.58771999999999],[119.01999999999998,73.12000000000006],[123.20066000000008,72.97122000000007],[123.25777000000016,73.73503000000005],[126.97644000000003,73.56549000000012],[128.59126000000003,73.0387100000001],[129.05156999999997,72.39872000000008],[128.46000000000004,71.98000000000002],[129.71599000000015,71.19304000000011],[131.28858000000025,70.78699000000012],[132.25350000000014,71.83630000000011],[133.85766000000024,71.3864200000001],[135.56192999999996,71.65525000000014],[137.49755000000005,71.3476300000001],[138.23409000000015,71.62803000000002],[139.8698300000001,71.48783000000014],[139.14791000000002,72.41619000000014],[140.46817,72.84941000000015],[149.5,72.20000000000005],[150.3511800000001,71.60643000000005],[152.9689000000002,70.84222000000005],[157.00688000000002,71.03141000000005],[158.99779,70.86671999999999],[159.83031000000017,70.45324000000005],[159.70866,69.72198000000003],[160.9405300000003,69.4372800000001],[162.27907000000005,69.64204000000001],[164.05248000000006,69.66823],[165.94037000000014,69.47199],[167.83566999999994,69.58269000000013],[169.5776300000001,68.69380000000007],[170.8168800000002,69.01362999999998],[170.0082000000001,69.65276000000006],[170.4534500000002,70.09703000000007],[173.64391000000012,69.81743000000006],[175.7240300000002,69.87725000000017],[178.60000000000002,69.40000000000003],[180.0,68.96363636363651],[180.0,64.97970870219848],[178.70720000000028,64.53493000000003],[177.41128000000003,64.60821000000004],[178.3130000000001,64.07593000000003],[178.90825000000018,63.251970000000085],[179.37033999999994,62.98262000000011],[179.48636,62.56894],[179.22825,62.304100000000176],[177.36430000000007,62.52190000000007],[174.56929000000025,61.769150000000025],[173.68013000000008,61.652610000000095],[170.69850000000008,60.33618000000013],[170.33085000000028,59.881770000000074],[168.90045999999995,60.57355000000007],[166.29498000000024,59.78855000000016],[165.84000000000015,60.160000000000025],[164.87673999999993,59.731600000000014],[163.53929000000005,59.86871000000002],[163.21711000000016,59.211010000000044],[162.01733000000002,58.24328000000003],[162.05296999999996,57.83911999999998],[163.19191,57.615030000000104],[163.05794000000014,56.159240000000125],[162.12958000000015,56.122190000000046],[161.70146,55.285680000000184],[162.1174900000001,54.855140000000006],[160.36877000000027,54.34433000000007],[160.02173000000016,53.202570000000094],[158.5309400000001,52.958680000000186],[158.23118,51.94269000000003],[156.78979000000027,51.01105000000007],[156.42000000000007,51.700000000000045],[155.43366000000003,55.38103000000012],[155.9144200000003,56.767920000000174],[156.75815,57.36470000000003],[156.81035000000008,57.832040000000006],[158.3643300000001,58.055750000000046],[161.87203999999997,60.343000000000075],[163.66968999999995,61.1409000000001],[164.47355000000005,62.550610000000006],[163.25842000000011,62.46627000000012],[162.65791000000002,61.64250000000004],[160.12148000000002,60.544230000000084],[159.30232,61.7739600000001],[156.72068000000002,61.434420000000046],[154.21806000000026,59.75818000000015],[155.04375000000005,59.14495000000005],[151.2657300000002,58.78089],[151.33815000000004,59.50396000000006],[149.78371000000004,59.655730000000176],[148.54480999999998,59.164480000000026],[145.48721999999998,59.336370000000045],[142.1978200000001,59.03998000000013],[135.12618999999995,54.72959000000009],[136.70171000000005,54.603550000000155],[137.19342000000006,53.97732000000002],[138.16470000000004,53.7550100000002],[138.80462999999997,54.25455000000005],[139.90151000000003,54.18968000000012],[141.34531000000004,53.08957000000015],[141.37923,52.238770000000045],[140.59742000000017,51.2396700000001],[140.51307999999995,50.045530000000156],[140.0619300000002,48.44671000000011],[138.5547200000002,46.999649999999974],[138.21970999999996,46.307950000000005],[134.86939000000018,43.39821000000006],[133.53687000000025,42.8114700000001],[132.90627000000006,42.79849000000013],[132.27807000000018,43.28456000000011],[130.93587000000014,42.552740000000085],[130.77999999999997,42.22000000000014],[130.6400000000001,42.39500000000004],[130.63386640840974,42.90301463477053],[131.1446879416149,42.92998973242689],[131.28855512911548,44.11151968034828],[131.02519000000018,44.96796000000006],[131.8834542176595,45.32116160743652],[133.09712000000013,45.14409000000006],[133.76964399631288,46.116926988299014],[134.1123500000001,47.212480000000085],[134.50081,47.57845000000009],[135.02631147678665,48.478229885443874],[133.37359581922794,48.18344167743487],[132.50669000000005,47.78896000000003],[130.9872600000001,47.79013000000003],[130.58229332898242,48.72968740497614],[129.39781782442043,49.44060008401544],[127.65740000000028,49.760270000000105],[127.28745568248485,50.73979726826548],[125.94634891164617,52.79279857035698],[125.06821129771038,53.16104482686886],[123.57146999999998,53.45880000000005],[121.00308475147017,53.25140106873119],[120.17708865771681,52.75388621684124],[120.72578901579197,52.516226304730935],[120.7382,51.96411000000006],[120.18208000000016,51.64355000000012],[119.27939000000003,50.58292],[119.2884607280258,50.142882798862004],[117.8792444194264,49.510983384796965],[116.67880089728612,49.888531399121405],[115.48569542853136,49.80517731383475],[114.96210981655018,50.140247300815126],[114.36245649623527,50.24830272073741],[112.89773969935436,49.54356537535699],[110.66201053267878,49.13012807880585],[108.47516727095129,49.28254771585074],[107.86817589725095,49.793705145865815],[106.8888041524553,50.27429596618032],[105.88659142458675,50.406019192092224],[103.67654544476022,50.089966132195116],[102.25589000000008,50.51056000000011],[102.06521000000004,51.25991000000005],[99.98173221232354,51.63400625264399],[98.86149051310034,52.04736603454669],[97.82573978067431,51.01099518493318],[98.23176150919156,50.422400621128745],[97.25976000000014,49.72605000000004],[95.8140200000002,49.97746000000012],[94.81594933469873,50.01343333597085],[94.14756635943559,50.48053660745717],[93.10421000000002,50.49529000000001],[92.23471154171968,50.80217072204172],[90.71366743364068,50.33181183532109],[88.80556684769552,49.47052073831242],[87.35997033076265,49.21498078062912],[86.82935672398963,49.82667470966817],[85.54126997268247,49.69285858824816],[85.11555952346203,50.11730296487764],[84.41637739455308,50.311399644565824],[83.93511478061885,50.88924551045358],[83.38300377801238,51.069182847693924],[81.94598554883993,50.81219594990637],[80.56844689323549,51.38833649352847],[80.03555952344169,50.86475088154725],[77.80091556184425,53.404414984747575],[76.52517947785475,54.17700348572714],[76.89110029491343,54.49052440044193],[74.38482000000016,53.54685000000012],[73.42567874542044,53.489810289109755],[73.5085160663844,54.0356167669766],[72.22415001820218,54.376655381886735],[71.18013105660941,54.13328522400826],[70.86526655465514,55.169733588270105],[69.06816694527288,55.38525014914353],[68.16910037625883,54.97039175070432],[65.66687000000002,54.60125000000011],[65.17853356309593,54.35422781027211],[61.43660000000017,54.00625000000002],[60.978066440683165,53.66499339457914],[61.699986199800605,52.97999644633427],[60.73999311711458,52.71998647725775],[60.92726850774028,52.44754832621504],[59.967533807215545,51.9604204372157],[61.58800337102417,51.272658799843214],[61.337424350840934,50.79907013610426],[59.93280724471549,50.842194118851864],[59.642282342370606,50.545442206415714],[58.363320000000044,51.06364000000002],[56.77798000000013,51.043550000000096],[55.71694000000002,50.62171000000018],[52.32872358583097,51.718652248738124],[50.76664839051216,51.6927623561599],[48.70238162618102,50.60512848571284],[48.57784142435753,49.87475962991567],[47.54948042174931,50.454698391311126],[46.75159630716274,49.35600576435377],[47.04367150247651,49.152038886097614],[46.46644575377627,48.39415233010493],[47.31524000000013,47.7158500000001],[48.05725000000001,47.74377000000004],[48.694733514201744,47.07562816017793],[48.59325000000018,46.56104000000005],[49.10116000000011,46.399330000000134]]],[[[93.77766000000001,81.0246],[95.94089500000001,81.2504],[97.88385,80.74697500000002],[100.186655,79.780135],[99.93976,78.88094],[97.75794,78.75619999999999],[94.97259,79.044745],[93.31288,79.4265],[92.5454,80.14379000000001],[91.18107000000002,80.34146000000001],[93.77766000000001,81.0246]]],[[[102.08635,79.34641],[105.37243000000001,78.71334],[105.07547000000002,78.30689],[99.43814,77.921],[101.2649,79.23399],[102.08635,79.34641]]],[[[138.831075,76.13676000000001],[141.47161499999999,76.09289],[145.086285,75.562625],[144.3,74.82000000000001],[140.61381,74.84768],[138.95544,74.61148],[136.97439,75.26167000000001],[137.51176,75.94917],[138.831075,76.13676000000001]]],[[[146.358485,75.49682],[150.73167,75.08406],[149.575925,74.68892],[147.977465,74.778355],[146.11919,75.17298],[146.358485,75.49682]]],[[[139.86312,73.36983000000001],[140.81171,73.76506],[142.06207,73.85758],[143.48283,73.47525],[143.60385,73.21244],[139.86312,73.36983000000001]]],[[[44.84695804218114,80.58980988231714],[48.31847741068461,80.78400991486998],[48.52280602396667,80.51456899690017],[49.097189568890855,80.7539859077084],[50.03976769389462,80.91888540315178],[51.522932977103665,80.69972565380193],[51.13618655783128,80.54728017854093],[48.89441124857755,80.33956675894375],[48.75493655782177,80.17546824820089],[47.58611901224418,80.01018117951533],[46.50282596210963,80.2472468126543],[47.07245527526294,80.55942414012951],[44.84695804218114,80.58980988231714]]],[[[22.731098667092652,54.327536932993326],[20.892244500418627,54.31252492941253],[19.660640089606403,54.42608388937393],[19.888481479581287,54.86616038677151],[21.268448927503467,55.190481675835315],[22.75776370615526,54.85657440858138],[22.65105187347254,54.582740993866736],[22.731098667092652,54.327536932993326]]],[[[53.50828982932515,73.7498139513002],[55.90245893740766,74.62748647734536],[55.631932814359686,75.08141225859718],[61.170044386647476,76.25188345000812],[64.49836836127017,76.43905548776927],[66.21097700385513,76.80978221303117],[68.1570597675348,76.93969676381293],[68.85221113472508,76.5448113064546],[68.1805725442276,76.23364166940907],[61.58350752141476,75.26088450794684],[58.47708214705335,74.30905630156285],[55.419335971910925,72.37126760526603],[55.62283776227633,71.54059479439032],[57.535692579992315,70.72046397570212],[56.94497928246388,70.63274323188666],[53.67737511578417,70.76265778266846],[53.412016635965394,71.20666168892022],[51.601894565645665,71.47475901965045],[51.455753615124216,72.01488108996513],[52.47827518088354,72.22944163684097],[52.44416873557088,72.77473135038481],[54.42761355979758,73.6275475124976],[53.50828982932515,73.7498139513002]]],[[[142.65478641171302,54.36588084575389],[143.2608476096321,52.74076040303906],[143.23526777564763,51.75666026468876],[143.64800744036285,50.747600409541505],[144.6541475770856,48.97639069273754],[143.1739278505172,49.306551418650315],[142.55866824765013,47.86157501890495],[143.53349246640403,46.83672801369252],[143.50527713437265,46.137907619809525],[142.74770063697383,46.74076487892651],[142.09203006405454,45.966755276058834],[141.906925083585,46.80592886004656],[142.01844282447087,47.78013296161296],[141.90444461483503,48.85918854429957],[142.1358000022057,49.61516307229739],[142.17998335181528,50.9523424342819],[141.59407596249002,51.9354348822025],[141.6825460145737,53.301966457728795],[142.60693403541075,53.762145087287934],[142.20974897681543,54.225475979216874],[142.65478641171302,54.36588084575389]]],[[[-174.92825000000002,67.20589000000001],[-175.01425000000003,66.58435],[-174.33983000000003,66.33556],[-174.57182,67.06219],[-171.85731,66.91308000000001],[-169.89958000000001,65.97724],[-170.89107,65.54138999999999],[-172.53025000000002,65.43791],[-172.555,64.46079],[-172.95533,64.25269],[-173.89184,64.2826],[-174.65392000000003,64.63125000000001],[-175.98353,64.92288],[-176.20716,65.35667000000001],[-177.22266,65.52024],[-178.35993000000002,65.39052000000001],[-178.90332000000004,65.74044],[-178.68610999999999,66.11211],[-179.88377,65.87456],[-179.43268,65.40411],[-180.0,64.9797087021984],[-180.0,68.96363636363635],[-177.55000000000004,68.2],[-174.92825000000002,67.20589000000001]]],[[[-178.69378000000003,70.89302],[-180.0,70.83219920854673],[-180.0,71.51571433642827],[-179.02433000000002,71.55553],[-177.57794500000003,71.26948],[-177.663575,71.13277000000001],[-178.69378000000003,70.89302]]],[[[33.435988094713366,45.971917370797485],[33.69946184910907,46.219572831556434],[34.73201738827845,45.96566573176062],[35.02078779474607,45.65121898048466],[35.51000857925311,45.40999339454612],[36.52999799983019,45.46998973243717],[36.334712762199274,45.11321564389402],[35.239999220528205,44.93999624285175],[33.882511020652885,44.361478583344194],[33.32642093276013,44.564877020844904],[33.546924269349404,45.03477081967486],[32.4541744321055,45.327466132176085],[32.63080447767919,45.51918569597899],[33.58816206231842,45.85156850848023],[33.435988094713366,45.971917370797485]]]]}},{"id":"21","type":"Feature","properties":{"pop_est":5320045,"continent":"Europe","name":"Norway","iso_a3":"-99","gdp_md_est":364700.0},"geometry":{"type":"MultiPolygon","coordinates":[[[[15.142820000000002,79.67431],[15.52255,80.01608],[16.990850000000002,80.05086],[21.54383,78.95611],[19.02737,78.5626],[18.47172,77.82669],[17.59441,77.63796],[17.1182,76.80941],[15.91315,76.77045],[13.76259,77.38035],[14.669560000000002,77.73565],[13.1706,78.02493],[11.22231,78.8693],[10.44453,79.65239],[13.170770000000001,80.01046000000001],[13.71852,79.66039],[15.142820000000002,79.67431]]],[[[31.101042202597625,69.55810108805622],[28.591929559043194,69.06477692328666],[29.015572950971972,69.76649119737799],[27.732292107867863,70.16419302029625],[26.179622023226244,69.82529897732614],[25.689212680776365,69.09211375596904],[24.735679152126725,68.64955678982146],[23.66204959483076,68.89124746365054],[22.356237827247412,68.84174144151491],[21.244936150810673,69.37044302029308],[20.645592889089528,69.10624726020087],[20.025268995857886,69.0651386583127],[19.878559604581255,68.40719432237258],[17.993868442464333,68.56739126247736],[17.729181756265348,68.01055186631628],[16.768878614985482,68.0139366726314],[15.108411492583002,66.19386688909547],[13.55568973150909,64.78702769638151],[13.919905226302204,64.44542064071608],[13.571916131248713,64.04911408146971],[12.579935336973934,64.06621898055833],[11.930569288794231,63.12831757267698],[11.992064243221563,61.80036245385655],[12.631146681375185,61.293571682370136],[12.3003658382749,60.11793284773003],[11.468271925511146,59.43239329694604],[11.027368605196868,58.85614940045936],[10.356556837616067,59.469807033925356],[8.382000359743586,58.313288479233215],[7.048748406613271,58.078884182357285],[5.665835402050419,58.5881554225937],[5.308234490590678,59.663231919993834],[4.992078077828978,61.97099803328432],[5.912900424837886,62.614472968182724],[8.553411085655739,63.45400828719648],[10.527709181366758,64.4860383164975],[14.761145867581604,67.81064158799516],[19.18402835457846,69.81744415961778],[21.378416375420585,70.2551693793461],[23.023742303161526,70.2020718451662],[24.546543409938465,71.03049673123722],[26.37004967622181,70.98626170519539],[28.165547316202943,71.18547435168055],[31.293418409965454,70.4537877468599],[30.005435011522792,70.18625885688489],[31.101042202597625,69.55810108805622]]],[[[27.407505730913446,80.05640574820042],[25.92465050629815,79.51783397085451],[23.024465773213617,79.40001170522903],[20.075188429451828,79.56682322866722],[19.897266473070914,79.84236196564747],[18.462263624757867,79.85988027619443],[17.368015170977458,80.31889618602698],[20.45599205901064,80.59815562613225],[21.907944777115404,80.35767934846204],[22.91925255706738,80.65714427359343],[25.447625359811866,80.40734039989452],[27.407505730913446,80.05640574820042]]],[[[24.724120000000003,77.85385],[22.490320000000004,77.44493],[20.726010000000002,77.67704],[21.416110000000003,77.93504],[20.8119,78.25463],[22.884259999999998,78.45494000000001],[23.281340000000004,78.07954],[24.724120000000003,77.85385]]]]}},{"id":"43","type":"Feature","properties":{"pop_est":67106161,"continent":"Europe","name":"France","iso_a3":"-99","gdp_md_est":2699000.0},"geometry":{"type":"MultiPolygon","coordinates":[[[[-51.65779741067889,4.156232408053029],[-52.249337531123956,3.241094468596245],[-52.55642473001842,2.504705308437053],[-52.939657151894956,2.1248576928756364],[-53.41846513529531,2.0533891870159806],[-53.554839240113544,2.334896551925951],[-53.77852067728892,2.3767027856500818],[-54.08806250671725,2.105556545414629],[-54.524754197799716,2.3118488631237852],[-54.2697051662232,2.7323916691150463],[-54.00693050801901,3.6200377465925584],[-54.399542202356514,4.212611395683467],[-54.47863298197923,4.896755682795586],[-53.9580446030709,5.756548163267765],[-52.88214128275409,5.409850979021584],[-51.8233428615259,4.565768133966131],[-51.65779741067889,4.156232408053029]]],[[[6.186320428094177,49.463802802114515],[6.658229607783568,49.20195831969157],[8.099278598674744,49.01778351500333],[7.593676385131062,48.33301911070372],[7.466759067422231,47.62058197691181],[7.192202182655507,47.44976552997102],[6.736571079138059,47.541801255882845],[6.768713820023606,47.2877082383037],[6.037388950229001,46.725778713561866],[6.022609490593538,46.27298981382047],[6.5000997249704255,46.42967275652944],[6.843592970414505,45.99114655210061],[6.802355177445605,45.70857982032864],[7.096652459347837,45.33309886329589],[6.749955275101655,45.02851797136758],[7.007562290076635,44.25476675066136],[7.549596388386107,44.12790110938481],[7.435184767291872,43.69384491634922],[6.52924523278304,43.128892320318315],[4.556962517931424,43.399650987311595],[3.1004105973526634,43.075200507167054],[2.9859989762584576,42.47301504166986],[1.8267932470871528,42.34338471126569],[0.7015906103638941,42.795734361332606],[0.3380469091905809,42.57954600683955],[-1.502770961910528,43.03401439063043],[-1.901351284177764,43.42280202897834],[-1.384225226232985,44.022610378590116],[-1.1937975732374184,46.01491771095486],[-2.2257242496738456,47.06436269793822],[-2.9632761295596026,47.57032664650795],[-4.4915549381594815,47.954954332056374],[-4.592349819344776,48.68416046812699],[-3.295813971357802,48.90169240985963],[-1.6165107893849608,48.64442129169454],[-1.933494025063311,49.776341864615745],[-0.98946895995536,49.34737580016091],[1.3387610205226963,50.12717316344526],[1.6390010921384996,50.9466063502975],[2.5135730322461427,51.14850617126183],[2.658422071960274,50.796848049515745],[3.1232515804256877,50.78036326761455],[4.2860229834250845,49.907496649772554],[4.799221632515724,49.98537303323637],[5.897759230176348,49.44266714130711],[6.186320428094177,49.463802802114515]]],[[[8.746009148807559,42.62812185319392],[9.390000848028876,43.00998484961471],[9.560016310269134,42.15249197037952],[9.229752231491773,41.380006822264455],[8.775723097375362,41.58361196549443],[8.544212680707773,42.25651662858306],[8.746009148807559,42.62812185319392]]]]}},{"id":"51","type":"Feature","properties":{"pop_est":14668522,"continent":"Africa","name":"Senegal","iso_a3":"SEN","gdp_md_est":39720.0},"geometry":{"type":"Polygon","coordinates":[[[-16.71372880702347,13.594958604379855],[-17.126106736712615,14.373515733289224],[-17.62504269049066,14.729540513564073],[-17.18517289882223,14.919477240452862],[-16.463098110407884,16.13503611903846],[-16.12069007004193,16.455662543193384],[-15.623666144258692,16.369337063049812],[-15.135737270558819,16.587282416240782],[-14.577347581428981,16.59826365810281],[-13.435737677453062,16.03938304286619],[-12.170750291380301,14.616834214735505],[-11.927716030311615,13.422075100147396],[-11.55339779300543,13.141213690641067],[-11.51394283695059,12.442987575729418],[-12.203564825885634,12.465647691289405],[-12.499050665730564,12.332089952031057],[-13.217818162478238,12.575873521367967],[-15.54847693527401,12.628170070847347],[-16.677451951554573,12.384851589401052],[-16.841524624081273,13.15139394780256],[-15.931295945692211,13.130284125211332],[-15.141163295949468,13.509511623585238],[-14.712197231494628,13.298206691943777],[-14.277701788784555,13.280585028532244],[-13.844963344772408,13.505041612192002],[-14.046992356817482,13.79406789800045],[-14.376713833055788,13.625680243377374],[-14.687030808968487,13.630356960499784],[-15.08173539881382,13.876491807505985],[-15.39877031092446,13.86036876063092],[-15.624596320039942,13.62358734786956],[-16.71372880702347,13.594958604379855]]]}},{"id":"52","type":"Feature","properties":{"pop_est":17885245,"continent":"Africa","name":"Mali","iso_a3":"MLI","gdp_md_est":38090.0},"geometry":{"type":"Polygon","coordinates":[[[-11.456168585648271,12.076834214725338],[-11.55339779300543,13.141213690641067],[-11.927716030311615,13.422075100147396],[-12.170750291380301,14.616834214735505],[-11.834207526079467,14.79909699142894],[-11.666078253617854,15.388208319556298],[-11.349095017939504,15.411256008358478],[-10.650791388379417,15.132745876521426],[-10.086846482778213,15.330485744686271],[-9.700255092802706,15.264107367407362],[-9.55023840985939,15.486496893775438],[-5.537744309908447,15.501689764869257],[-5.315277268891933,16.20185374599184],[-5.488522508150439,16.325102037007966],[-6.453786586930335,24.956590684503425],[-4.923337368174231,24.974574082941],[1.8232275732590324,20.610809434486043],[2.06099083823392,20.142233384679486],[3.1466610042539003,19.693578599521445],[3.158133172222705,19.057364203360038],[4.267419467800039,19.155265204337],[4.2702099951438015,16.852227484601215],[3.7234216650634835,16.184283759012615],[3.6382589046464773,15.568119818580456],[1.3855281917468576,15.323561102759172],[1.0157833186984817,14.96818227788799],[-0.2662572900305804,14.924308986872148],[-0.5158544580003479,15.116157741755728],[-1.0663634912056636,14.973815009007765],[-2.001035122068771,14.559008287000893],[-2.1918245100903846,14.246417548067356],[-2.9676944645205765,13.79815033615151],[-3.1037068343127596,13.541266791228594],[-3.522802700199861,13.337661647998615],[-4.006390753587226,13.472485459848116],[-4.28040503581488,13.228443508349741],[-4.427166103523803,12.542645575404295],[-5.220941941743121,11.713858954307227],[-5.1978425765086484,11.37514577885014],[-5.470564947929006,10.951269842976048],[-5.404341599946974,10.370736802609146],[-6.050452032892267,10.096360785355444],[-6.205222947606431,10.524060777219134],[-6.666460944027548,10.430810655148449],[-6.8505065576350574,10.138993841996239],[-7.622759161804809,10.147236232946796],[-7.899589809592372,10.297382106970828],[-8.029943610048619,10.206534939001713],[-8.33537716310974,10.494811916541934],[-8.282357143578281,10.792597357623846],[-8.407310756860028,10.909256903522762],[-8.620321010767128,10.810890814655183],[-8.581305304386774,11.136245632364805],[-8.376304897484914,11.393645941610629],[-9.127473517279583,12.308060411015333],[-9.327616339546012,12.334286200403454],[-10.165213792348837,11.844083563682744],[-10.593223842806282,11.92397532800598],[-11.03655595543826,12.211244615116515],[-11.456168585648271,12.076834214725338]]]}},{"id":"53","type":"Feature","properties":{"pop_est":3758571,"continent":"Africa","name":"Mauritania","iso_a3":"MRT","gdp_md_est":16710.0},"geometry":{"type":"Polygon","coordinates":[[[-17.06342322434257,20.999752102130827],[-16.845193650773993,21.33332347257488],[-12.929101935263532,21.327070624267563],[-13.118754441774712,22.771220201096256],[-12.874221564169575,23.284832261645178],[-11.937224493853321,23.374594224536168],[-11.96941891117116,25.933352769468268],[-8.6872936670174,25.881056219988906],[-8.684399786809053,27.395744126896005],[-4.923337368174231,24.974574082941],[-6.453786586930335,24.956590684503425],[-5.488522508150439,16.325102037007966],[-5.315277268891933,16.20185374599184],[-5.537744309908447,15.501689764869257],[-9.55023840985939,15.486496893775438],[-9.700255092802706,15.264107367407362],[-10.086846482778213,15.330485744686271],[-10.650791388379417,15.132745876521426],[-11.349095017939504,15.411256008358478],[-11.666078253617854,15.388208319556298],[-11.834207526079467,14.79909699142894],[-12.170750291380301,14.616834214735505],[-13.435737677453062,16.03938304286619],[-14.577347581428981,16.59826365810281],[-15.135737270558819,16.587282416240782],[-15.623666144258692,16.369337063049812],[-16.12069007004193,16.455662543193384],[-16.463098110407884,16.13503611903846],[-16.549707810929064,16.673892116761962],[-16.270551723688357,17.166962795474873],[-16.14634741867485,18.108481553616656],[-16.37765112961327,19.593817246981985],[-16.277838100641517,20.0925206568147],[-16.536323614965468,20.567866319251493],[-17.06342322434257,20.999752102130827]]]}},{"id":"54","type":"Feature","properties":{"pop_est":11038805,"continent":"Africa","name":"Benin","iso_a3":"BEN","gdp_md_est":24310.0},"geometry":{"type":"Polygon","coordinates":[[[2.6917016943562544,6.258817246928629],[1.8652405127123188,6.142157701029731],[1.618950636409238,6.832038072126238],[1.664477573258381,9.12859039960938],[1.46304284018467,9.334624335157088],[1.425060662450136,9.825395412633],[0.7723356461714843,10.470808213742359],[0.8995630224740694,10.99733938236426],[1.2434696793764886,11.110510769083461],[1.4471781754710662,11.547719224488858],[1.9359855485198807,11.641150214072553],[2.49016360841793,12.233052069543675],[2.8486430192265857,12.23563589115821],[3.611180454125559,11.660167141155968],[3.572216424177469,11.32793935795152],[3.7971122575117136,10.734745591673105],[3.600070021182802,10.332186184119408],[3.7054382666259187,10.063210354040208],[2.912308383810256,9.137607937044322],[2.723792758809509,8.50684540448971],[2.6917016943562544,6.258817246928629]]]}},{"id":"55","type":"Feature","properties":{"pop_est":19245344,"continent":"Africa","name":"Niger","iso_a3":"NER","gdp_md_est":20150.0},"geometry":{"type":"Polygon","coordinates":[[[14.851300000000037,22.862950000000126],[15.096887648181848,21.30851878507491],[15.47106000000008,21.04845000000006],[15.487148064850146,20.730414537025638],[15.903246697664315,20.387618923417506],[15.685740594147774,19.957180080642388],[15.30044111497972,17.927949937405003],[15.247731154041844,16.627305813050782],[13.972170000000006,15.684370000000058],[13.540393507550789,14.367133693901224],[13.956698846094127,13.996691189016929],[13.95447675950561,13.353448798063766],[14.595781284247607,13.33042694747786],[14.495787387762846,12.85939626713733],[14.213530714584635,12.802035427293347],[14.181336297266794,12.483656927943116],[13.995352817448293,12.461565253138303],[13.318701613018561,13.556356309457826],[13.083987257548813,13.596147162322495],[12.302071160540523,13.037189032437524],[11.527803175511394,13.328980007373588],[10.989593133191534,13.387322699431195],[10.701031935273706,13.246917832894084],[10.114814487354693,13.27725189864941],[9.524928012742947,12.851102199754479],[9.014933302454438,12.826659247280418],[7.804671258178786,13.343526923063747],[7.330746697630019,13.0980380314612],[6.820441928747754,13.115091254117518],[6.445426059605637,13.492768459522678],[5.443058302440136,13.865923977102227],[4.368343540066007,13.747481594289411],[4.107945997747322,13.531215725147831],[3.9672827490488487,12.956108710171575],[3.6806335791258107,12.552903347214226],[3.611180454125559,11.660167141155968],[2.8486430192265857,12.23563589115821],[2.49016360841793,12.233052069543675],[2.1544735042499212,11.940150051313339],[2.177107781593776,12.625017808477535],[1.0241032242974768,12.851825669806574],[0.9930456884900708,13.335749620003824],[0.429927605805517,13.988733018443924],[0.29564639649510127,14.444234930880654],[0.3748922054146817,14.92890818934613],[1.0157833186984817,14.96818227788799],[1.3855281917468576,15.323561102759172],[3.6382589046464773,15.568119818580456],[3.7234216650634835,16.184283759012615],[4.2702099951438015,16.852227484601215],[4.267419467800039,19.155265204337],[5.677565952180686,19.601206976799716],[8.572893100629784,21.565660712159143],[11.999505649471613,23.47166840259645],[13.581424594790462,23.04050608976928],[14.143870883855243,22.491288967371133],[14.851300000000037,22.862950000000126]]]}},{"id":"56","type":"Feature","properties":{"pop_est":190632261,"continent":"Africa","name":"Nigeria","iso_a3":"NGA","gdp_md_est":1089000.0},"geometry":{"type":"Polygon","coordinates":[[[2.6917016943562544,6.258817246928629],[2.723792758809509,8.50684540448971],[2.912308383810256,9.137607937044322],[3.7054382666259187,10.063210354040208],[3.600070021182802,10.332186184119408],[3.7971122575117136,10.734745591673105],[3.572216424177469,11.32793935795152],[3.6806335791258107,12.552903347214226],[3.9672827490488487,12.956108710171575],[4.107945997747322,13.531215725147831],[4.368343540066007,13.747481594289411],[5.443058302440136,13.865923977102227],[6.445426059605637,13.492768459522678],[6.820441928747754,13.115091254117518],[7.330746697630019,13.0980380314612],[7.804671258178786,13.343526923063747],[9.014933302454438,12.826659247280418],[9.524928012742947,12.851102199754479],[10.114814487354693,13.27725189864941],[10.701031935273706,13.246917832894084],[10.989593133191534,13.387322699431195],[11.527803175511394,13.328980007373588],[12.302071160540523,13.037189032437524],[13.083987257548813,13.596147162322495],[13.318701613018561,13.556356309457826],[13.995352817448293,12.461565253138303],[14.181336297266794,12.483656927943116],[14.577177768622533,12.085360826053503],[14.415378859116684,11.572368882692075],[13.572949659894562,10.798565985553566],[12.753671502339216,8.717762762888995],[12.218872104550599,8.305824082874324],[11.74577436691851,6.981382961449754],[11.058787876030351,6.6444267846905944],[10.497375115611419,7.0553577742755635],[10.118276808318257,7.03876963950988],[9.522705926154401,6.453482367372117],[9.233162876023044,6.444490668153335],[8.500287713259695,4.7719829370268485],[7.462108188515941,4.412108262546241],[7.0825964697644395,4.4646890324032285],[6.6980721370806,4.240594183769517],[5.898172641634687,4.262453314628985],[5.3628048030908815,4.887970689305959],[5.033574252959369,5.611802476418234],[4.325607130560684,6.2706511499234665],[2.6917016943562544,6.258817246928629]]]}},{"id":"57","type":"Feature","properties":{"pop_est":24994885,"continent":"Africa","name":"Cameroon","iso_a3":"CMR","gdp_md_est":77240.0},"geometry":{"type":"Polygon","coordinates":[[[14.495787387762846,12.85939626713733],[14.89336000000003,12.219049999999982],[14.92356489427496,10.891325181517473],[15.467872755605242,9.982336737503545],[14.62720055508106,9.920919297724538],[14.171466098699028,10.021378282099931],[13.954218377344006,9.549494940626687],[14.54446658698177,8.965861314322268],[14.97999555833769,8.796104234243472],[15.436091749745742,7.692812404811889],[14.776545444404576,6.408498033062045],[14.536560092841114,6.2269587264206905],[14.47837243008047,4.732605495620447],[14.950953403389661,4.210389309094921],[15.036219516671252,3.8513672957471243],[15.405395948964383,3.33530060466434],[15.862732374747482,3.0135372989989833],[16.012852410555354,2.267639675298085],[15.940918816805066,1.7276726342802957],[14.33781253424658,2.2278746606494906],[9.649158155972628,2.2838660750377358],[9.795195753629457,3.073404445809117],[9.404366896206,3.734526882335203],[8.948115675501072,3.9041289331171356],[8.744923943729418,4.35221527751996],[8.48881554529089,4.495617377129918],[8.757532993208628,5.479665839047911],[9.233162876023044,6.444490668153335],[9.522705926154401,6.453482367372117],[10.118276808318257,7.03876963950988],[10.497375115611419,7.0553577742755635],[11.058787876030351,6.6444267846905944],[11.74577436691851,6.981382961449754],[12.218872104550599,8.305824082874324],[12.753671502339216,8.717762762888995],[13.572949659894562,10.798565985553566],[14.415378859116684,11.572368882692075],[14.577177768622533,12.085360826053503],[14.181336297266794,12.483656927943116],[14.213530714584635,12.802035427293347],[14.495787387762846,12.85939626713733]]]}},{"id":"58","type":"Feature","properties":{"pop_est":7965055,"continent":"Africa","name":"Togo","iso_a3":"TGO","gdp_md_est":11610.0},"geometry":{"type":"Polygon","coordinates":[[[0.8995630224740694,10.99733938236426],[0.7723356461714843,10.470808213742359],[1.425060662450136,9.825395412633],[1.46304284018467,9.334624335157088],[1.664477573258381,9.12859039960938],[1.618950636409238,6.832038072126238],[1.8652405127123188,6.142157701029731],[1.0601216976049272,5.928837388528876],[0.5703841487748491,6.914358628767189],[0.4909574723422451,7.411744289576475],[0.7120292496868785,8.31246450442383],[0.46119184734212126,8.677222601756014],[0.3675799902453889,10.19121287682718],[-0.04978471515994442,10.706917832883931],[0.023802524423700785,11.018681748900804],[0.8995630224740694,10.99733938236426]]]}},{"id":"59","type":"Feature","properties":{"pop_est":27499924,"continent":"Africa","name":"Ghana","iso_a3":"GHA","gdp_md_est":120800.0},"geometry":{"type":"Polygon","coordinates":[[[0.023802524423700785,11.018681748900804],[-0.04978471515994442,10.706917832883931],[0.3675799902453889,10.19121287682718],[0.46119184734212126,8.677222601756014],[0.7120292496868785,8.31246450442383],[0.4909574723422451,7.411744289576475],[0.5703841487748491,6.914358628767189],[1.0601216976049272,5.928837388528876],[-1.9647065901675944,4.710462144383371],[-2.856125047202397,4.994475816259509],[-2.8107014632178395,5.38905121502411],[-3.244370083011262,6.250471503113502],[-2.9835849674503265,7.379704901555513],[-2.562189500326241,8.219627793811483],[-2.9638962467471117,10.395334784380083],[-2.9404093082704605,10.962690334512558],[-0.7615758935481834,10.936929633015055],[-0.43870154458858224,11.098340969278722],[0.023802524423700785,11.018681748900804]]]}},{"id":"60","type":"Feature","properties":{"pop_est":24184810,"continent":"Africa","name":"Côte d'Ivoire","iso_a3":"CIV","gdp_md_est":87120.0},"geometry":{"type":"Polygon","coordinates":[[[-8.229337124046822,10.1290202905639],[-7.899589809592372,10.297382106970828],[-7.622759161804809,10.147236232946796],[-6.8505065576350574,10.138993841996239],[-6.666460944027548,10.430810655148449],[-6.205222947606431,10.524060777219134],[-6.050452032892267,10.096360785355444],[-5.404341599946974,10.370736802609146],[-4.954653286143099,10.152713934769736],[-4.7798835921319665,9.821984768101743],[-4.3302469547603835,9.610834865757141],[-3.9804491845766847,9.8623440617217],[-3.511898972986273,9.90032623945622],[-2.8274963037127065,9.642460842319778],[-2.562189500326241,8.219627793811483],[-2.9835849674503265,7.379704901555513],[-3.244370083011262,6.250471503113502],[-2.8107014632178395,5.38905121502411],[-2.856125047202397,4.994475816259509],[-4.649917364917911,5.168263658057086],[-5.8344962223445265,4.993700669775137],[-7.5189412093304355,4.338288479017308],[-7.7121593896697505,4.364565944837722],[-7.570152553731688,5.707352199725904],[-7.993692592795881,6.126189683451543],[-8.311347622094019,6.193033148621083],[-8.60288021486862,6.4675641951716605],[-8.385451626000574,6.911800645368743],[-8.48544552248535,7.39520783124307],[-8.439298468448698,7.686042792181738],[-8.280703497744938,7.687179673692157],[-8.299048631208564,8.316443589710303],[-7.832100389019188,8.575704250518626],[-8.30961646161225,9.789531968622441],[-8.229337124046822,10.1290202905639]]]}},{"id":"61","type":"Feature","properties":{"pop_est":12413867,"continent":"Africa","name":"Guinea","iso_a3":"GIN","gdp_md_est":16080.0},"geometry":{"type":"Polygon","coordinates":[[[-13.700476040084325,12.586182969610194],[-13.217818162478238,12.575873521367967],[-12.499050665730564,12.332089952031057],[-12.203564825885634,12.465647691289405],[-11.51394283695059,12.442987575729418],[-11.456168585648271,12.076834214725338],[-11.03655595543826,12.211244615116515],[-10.593223842806282,11.92397532800598],[-10.165213792348837,11.844083563682744],[-9.327616339546012,12.334286200403454],[-9.127473517279583,12.308060411015333],[-8.376304897484914,11.393645941610629],[-8.581305304386774,11.136245632364805],[-8.620321010767128,10.810890814655183],[-8.407310756860028,10.909256903522762],[-8.282357143578281,10.792597357623846],[-8.33537716310974,10.494811916541934],[-8.029943610048619,10.206534939001713],[-8.229337124046822,10.1290202905639],[-8.30961646161225,9.789531968622441],[-7.832100389019188,8.575704250518626],[-8.299048631208564,8.316443589710303],[-8.280703497744938,7.687179673692157],[-8.722123582382125,7.71167430259851],[-8.926064622422004,7.309037380396376],[-9.208786383490846,7.313920803247953],[-9.40334815106975,7.526905218938907],[-9.337279832384581,7.9285344507113535],[-9.755342169625834,8.541055202666925],[-10.505477260774668,8.348896389189605],[-10.622395188835041,9.267910061068278],[-11.11748124840733,10.045872911006285],[-11.917277390988659,10.046983954300558],[-12.150338100625005,9.858571682164381],[-12.425928514037565,9.835834051955956],[-12.71195756677308,9.342711696810767],[-13.246550258832515,8.903048610871508],[-14.074044969122282,9.886166897008252],[-14.579698859098258,10.214467271358515],[-14.839553798877944,10.87657156009814],[-15.130311245168173,11.040411688679526],[-14.685687221728898,11.527823798056488],[-14.382191534878729,11.509271958863692],[-13.743160773157413,11.811269029177412],[-13.828271857142125,12.142644151249044],[-13.700476040084325,12.586182969610194]]]}},{"id":"62","type":"Feature","properties":{"pop_est":1792338,"continent":"Africa","name":"Guinea-Bissau","iso_a3":"GNB","gdp_md_est":2851.0},"geometry":{"type":"Polygon","coordinates":[[[-16.677451951554573,12.384851589401052],[-15.54847693527401,12.628170070847347],[-13.700476040084325,12.586182969610194],[-13.828271857142125,12.142644151249044],[-13.743160773157413,11.811269029177412],[-14.382191534878729,11.509271958863692],[-14.685687221728898,11.527823798056488],[-15.130311245168173,11.040411688679526],[-15.664180467175527,11.458474025920795],[-16.085214199273565,11.52459402103824],[-16.677451951554573,12.384851589401052]]]}},{"id":"63","type":"Feature","properties":{"pop_est":4689021,"continent":"Africa","name":"Liberia","iso_a3":"LBR","gdp_md_est":3881.0},"geometry":{"type":"Polygon","coordinates":[[[-8.439298468448698,7.686042792181738],[-8.385451626000574,6.911800645368743],[-8.60288021486862,6.4675641951716605],[-8.311347622094019,6.193033148621083],[-7.993692592795881,6.126189683451543],[-7.570152553731688,5.707352199725904],[-7.7121593896697505,4.364565944837722],[-7.974107224957251,4.355755113131963],[-9.004793667018674,4.8324185245922],[-10.765383876986645,6.140710760925558],[-11.438779466182055,6.7859168563057475],[-11.146704270868383,7.396706447779536],[-10.23009355309128,8.406205552601293],[-9.755342169625834,8.541055202666925],[-9.337279832384581,7.9285344507113535],[-9.40334815106975,7.526905218938907],[-9.208786383490846,7.313920803247953],[-8.926064622422004,7.309037380396376],[-8.722123582382125,7.71167430259851],[-8.439298468448698,7.686042792181738]]]}},{"id":"64","type":"Feature","properties":{"pop_est":6163195,"continent":"Africa","name":"Sierra Leone","iso_a3":"SLE","gdp_md_est":10640.0},"geometry":{"type":"Polygon","coordinates":[[[-13.246550258832515,8.903048610871508],[-12.71195756677308,9.342711696810767],[-12.425928514037565,9.835834051955956],[-12.150338100625005,9.858571682164381],[-11.917277390988659,10.046983954300558],[-11.11748124840733,10.045872911006285],[-10.622395188835041,9.267910061068278],[-10.505477260774668,8.348896389189605],[-10.23009355309128,8.406205552601293],[-11.146704270868383,7.396706447779536],[-11.438779466182055,6.7859168563057475],[-12.428098924193819,7.26294200279203],[-12.949049038128194,7.798645738145738],[-13.246550258832515,8.903048610871508]]]}},{"id":"65","type":"Feature","properties":{"pop_est":20107509,"continent":"Africa","name":"Burkina Faso","iso_a3":"BFA","gdp_md_est":32990.0},"geometry":{"type":"Polygon","coordinates":[[[-5.404341599946974,10.370736802609146],[-5.470564947929006,10.951269842976048],[-5.1978425765086484,11.37514577885014],[-5.220941941743121,11.713858954307227],[-4.427166103523803,12.542645575404295],[-4.28040503581488,13.228443508349741],[-4.006390753587226,13.472485459848116],[-3.522802700199861,13.337661647998615],[-3.1037068343127596,13.541266791228594],[-2.9676944645205765,13.79815033615151],[-2.1918245100903846,14.246417548067356],[-2.001035122068771,14.559008287000893],[-1.0663634912056636,14.973815009007765],[-0.5158544580003479,15.116157741755728],[-0.2662572900305804,14.924308986872148],[0.3748922054146817,14.92890818934613],[0.29564639649510127,14.444234930880654],[0.429927605805517,13.988733018443924],[0.9930456884900708,13.335749620003824],[1.0241032242974768,12.851825669806574],[2.177107781593776,12.625017808477535],[2.1544735042499212,11.940150051313339],[1.9359855485198807,11.641150214072553],[1.4471781754710662,11.547719224488858],[1.2434696793764886,11.110510769083461],[0.8995630224740694,10.99733938236426],[-0.43870154458858224,11.098340969278722],[-0.7615758935481834,10.936929633015055],[-2.9404093082704605,10.962690334512558],[-2.8274963037127065,9.642460842319778],[-3.511898972986273,9.90032623945622],[-3.9804491845766847,9.8623440617217],[-4.3302469547603835,9.610834865757141],[-4.7798835921319665,9.821984768101743],[-4.954653286143099,10.152713934769736],[-5.404341599946974,10.370736802609146]]]}},{"id":"66","type":"Feature","properties":{"pop_est":5625118,"continent":"Africa","name":"Central African Rep.","iso_a3":"CAF","gdp_md_est":3206.0},"geometry":{"type":"Polygon","coordinates":[[[27.37422610851749,5.233944403500061],[27.04406538260471,5.127852688004836],[25.650455356557472,5.256087754737123],[25.278798455514305,5.170408229997192],[25.12883344900328,4.92724477784779],[24.805028924262416,4.89724660890235],[24.410531040146253,5.10878408448913],[23.29721398285014,4.609693101414223],[22.841479526468106,4.710126247573484],[22.405123732195538,4.029160061047321],[20.927591180106276,4.322785549329737],[19.46778364429315,5.03152781821278],[18.93231245288476,4.709506130385975],[18.54298221199778,4.201785183118318],[18.45306521980993,3.5043858911233485],[17.133042433346304,3.728196519379452],[16.537058139724138,3.198254706226279],[16.012852410555354,2.267639675298085],[15.862732374747482,3.0135372989989833],[15.405395948964383,3.33530060466434],[15.036219516671252,3.8513672957471243],[14.950953403389661,4.210389309094921],[14.47837243008047,4.732605495620447],[14.558935988023507,5.03059764243153],[14.459407179429348,5.4517605656103],[14.536560092841114,6.2269587264206905],[14.776545444404576,6.408498033062045],[15.279460483469109,7.421924546737969],[16.106231723706742,7.497087917506462],[16.290561557691888,7.754307359239419],[16.705988396886255,7.5083275415299795],[17.964929640380888,7.890914008002994],[18.911021762780507,8.630894680206353],[18.812009718509273,8.982914536978598],[19.09400800952602,9.07484691002584],[20.05968549976427,9.012706000194854],[21.000868361096167,9.475985215691509],[21.723821648859456,10.567055568885976],[22.23112918466876,10.97188873946061],[22.864165480244225,11.142395127807546],[22.97754357269261,10.71446259199854],[23.554304233502194,10.089255275915308],[23.55724979014283,9.681218166538684],[23.394779087017184,9.265067857292223],[23.459012892355986,8.954285793488893],[25.11493248871679,7.825104071479174],[25.124130893664727,7.500085150579437],[26.213418409945117,6.546603298362072],[26.465909458123235,5.9467174341018705],[27.21340905122517,5.5509534773945575],[27.37422610851749,5.233944403500061]]]}},{"id":"76","type":"Feature","properties":{"pop_est":8299706,"continent":"Asia","name":"Israel","iso_a3":"ISR","gdp_md_est":297000.0},"geometry":{"type":"Polygon","coordinates":[[[35.836396925608625,32.86812327730851],[35.54566531753454,32.393992011030576],[35.183930291491436,32.53251068778894],[34.97464074070933,31.866582343059722],[35.22589155451243,31.754341132121766],[34.970506626125996,31.61677846936081],[34.92740848159457,31.353435370401414],[35.397560662586045,31.489086005167582],[35.420918409981965,31.100065822874356],[34.92260257339143,29.501326198844524],[34.26543338393569,31.219360866820153],[34.55637169773891,31.548823960896996],[34.48810713068136,31.60553884533732],[35.098457472480675,33.080539252244265],[35.460709262846706,33.08904002535628],[35.55279666519081,33.26427480725802],[35.82110070165024,33.2774264592763],[35.836396925608625,32.86812327730851]]]}},{"id":"77","type":"Feature","properties":{"pop_est":6229794,"continent":"Asia","name":"Lebanon","iso_a3":"LBN","gdp_md_est":85160.0},"geometry":{"type":"Polygon","coordinates":[[[35.82110070165024,33.2774264592763],[35.55279666519081,33.26427480725802],[35.460709262846706,33.08904002535628],[35.126052687324545,33.09090037691878],[35.48220665868013,33.90545014091944],[35.99840254084364,34.644914048800004],[36.4481942075121,34.59393524834407],[36.61175011571589,34.20178864189718],[36.066460402172055,33.82491242119255],[35.82110070165024,33.2774264592763]]]}},{"id":"79","type":"Feature","properties":{"pop_est":4543126,"continent":"Asia","name":"Palestine","iso_a3":"PSE","gdp_md_est":21220.77},"geometry":{"type":"Polygon","coordinates":[[[35.397560662586045,31.489086005167582],[34.92740848159457,31.353435370401414],[34.970506626125996,31.61677846936081],[35.22589155451243,31.754341132121766],[34.97464074070933,31.866582343059722],[35.183930291491436,32.53251068778894],[35.54566531753454,32.393992011030576],[35.5452519060762,31.78250478772084],[35.397560662586045,31.489086005167582]]]}},{"id":"80","type":"Feature","properties":{"pop_est":2051363,"continent":"Africa","name":"Gambia","iso_a3":"GMB","gdp_md_est":3387.0},"geometry":{"type":"Polygon","coordinates":[[[-16.71372880702347,13.594958604379855],[-15.624596320039942,13.62358734786956],[-15.39877031092446,13.86036876063092],[-15.08173539881382,13.876491807505985],[-14.687030808968487,13.630356960499784],[-14.376713833055788,13.625680243377374],[-14.046992356817482,13.79406789800045],[-13.844963344772408,13.505041612192002],[-14.277701788784555,13.280585028532244],[-14.712197231494628,13.298206691943777],[-15.141163295949468,13.509511623585238],[-15.931295945692211,13.130284125211332],[-16.841524624081273,13.15139394780256],[-16.71372880702347,13.594958604379855]]]}},{"id":"81","type":"Feature","properties":{"pop_est":11403800,"continent":"Africa","name":"Tunisia","iso_a3":"TUN","gdp_md_est":130800.0},"geometry":{"type":"Polygon","coordinates":[[[9.482139926805274,30.307556057246188],[9.05560265466815,32.10269196220129],[8.439102817426118,32.50628489840082],[8.430472853233368,32.74833730725595],[7.6126416357821824,33.34411489514896],[7.524481642292244,34.09737641045146],[8.140981479534304,34.65514598239379],[8.376367628623768,35.479876003555944],[8.217824334352315,36.433176988260286],[8.420964389691676,36.94642731378316],[9.509993523810607,37.349994411766545],[10.210002475636317,37.230001735984814],[10.180650262094531,36.724037787415085],[11.02886722173335,37.09210317641396],[11.100025668999251,36.899996039368915],[10.600004510143094,36.410000108377375],[10.593286573945138,35.94744436293281],[10.939518670300687,35.698984076473494],[10.807847120821009,34.83350718844919],[10.149592726287125,34.33077301689771],[10.339658644256616,33.78574168551532],[10.856836378633687,33.76874013929128],[11.108500603895122,33.293342800422195],[11.488787469131012,33.13699575452324],[11.432253452203696,32.368903103152874],[9.950225050505082,31.376069647745258],[10.056575148161699,30.961831366493527],[9.970017124072854,30.53932485607524],[9.482139926805274,30.307556057246188]]]}},{"id":"82","type":"Feature","properties":{"pop_est":40969443,"continent":"Africa","name":"Algeria","iso_a3":"DZA","gdp_md_est":609400.0},"geometry":{"type":"Polygon","coordinates":[[[-8.684399786809053,27.395744126896005],[-8.674116176782974,28.84128896739658],[-7.059227667661958,29.5792284205246],[-5.242129278982787,30.00044302013559],[-4.859646165374471,30.501187649043846],[-3.6904410465547244,30.896951605751156],[-3.647497931320146,31.637294012980675],[-3.068980271812648,31.724497992473218],[-2.616604783529567,32.09434621838619],[-1.30789913573787,32.2628889023061],[-1.1245511539663084,32.65152151135713],[-1.388049282222596,32.86401500094138],[-1.7334545556614671,33.91971283623212],[-1.792985805661715,34.527918606091305],[-2.169913702798624,35.16839630791668],[-1.208602871089056,35.7148487411871],[-0.12745439289460592,35.888662421200806],[0.5038765804152092,36.30127289483528],[1.466918572606545,36.605647081034405],[4.81575809084913,36.86503693292346],[5.3201200700177935,36.71651886651662],[6.261819695672613,37.11065501560674],[7.330384962603971,37.11838064223437],[7.737078484741005,36.885707505840216],[8.420964389691676,36.94642731378316],[8.217824334352315,36.433176988260286],[8.376367628623768,35.479876003555944],[8.140981479534304,34.65514598239379],[7.524481642292244,34.09737641045146],[7.6126416357821824,33.34411489514896],[8.430472853233368,32.74833730725595],[8.439102817426118,32.50628489840082],[9.05560265466815,32.10269196220129],[9.805634392952356,29.424638373323376],[9.859997999723447,28.959989732371014],[9.629056023811074,27.14095347748092],[9.716285841519664,26.512206325785655],[9.319410841518163,26.094324856057455],[9.910692579801776,25.365454616796796],[9.94826134607797,24.936953640232517],[10.303846876678362,24.379313259370917],[10.771363559622927,24.56253205006175],[11.560669386449005,24.097909247325518],[11.999505649471613,23.47166840259645],[8.572893100629784,21.565660712159143],[5.677565952180686,19.601206976799716],[4.267419467800039,19.155265204337],[3.158133172222705,19.057364203360038],[3.1466610042539003,19.693578599521445],[2.06099083823392,20.142233384679486],[1.8232275732590324,20.610809434486043],[-8.684399786809053,27.395744126896005]]]}},{"id":"83","type":"Feature","properties":{"pop_est":10248069,"continent":"Asia","name":"Jordan","iso_a3":"JOR","gdp_md_est":86190.0},"geometry":{"type":"Polygon","coordinates":[[[35.54566531753454,32.393992011030576],[35.71991824722275,32.709192409794866],[36.834062127435544,32.312937526980775],[38.792340529136084,33.378686428352225],[39.19546837744497,32.16100881604267],[39.00488569515255,32.01021698661498],[37.00216556168101,31.508412990844747],[37.998848911294374,30.508499864213135],[37.66811974462638,30.3386652694859],[37.503581984209035,30.003776150018407],[36.74052778498725,29.86528331147619],[36.50121422704359,29.505253607698705],[36.06894087092206,29.197494615184453],[34.95603722508426,29.356554673778845],[34.92260257339143,29.501326198844524],[35.420918409981965,31.100065822874356],[35.54566531753454,32.393992011030576]]]}},{"id":"84","type":"Feature","properties":{"pop_est":6072475,"continent":"Asia","name":"United Arab Emirates","iso_a3":"ARE","gdp_md_est":667200.0},"geometry":{"type":"Polygon","coordinates":[[[51.57951867046327,24.245497137951105],[51.757440626844186,24.29407298430547],[51.79438927593287,24.019826158132506],[52.57708051942561,24.177439276622707],[54.00800092958758,24.121757920828216],[56.07082075381456,26.05546417897398],[56.261041701080956,25.71460643157677],[56.396847365144005,24.924732163995486],[55.88623253766801,24.920830593357447],[55.804118686756226,24.269604193615265],[55.98121382022046,24.13054291431783],[55.52863162620824,23.933604030853502],[55.525841098864475,23.524869289640932],[55.234489373602884,23.110992743415324],[55.208341098863194,22.708329982997046],[55.006803012924905,22.496947536707136],[52.000733270074335,23.00115448657894],[51.57951867046327,24.245497137951105]]]}},{"id":"85","type":"Feature","properties":{"pop_est":2314307,"continent":"Asia","name":"Qatar","iso_a3":"QAT","gdp_md_est":334500.0},"geometry":{"type":"Polygon","coordinates":[[[50.81010827006958,24.754742539971378],[50.74391076030369,25.482424221289396],[51.013351678273494,26.006991685484195],[51.28646162293606,26.11458201751587],[51.58907881043726,25.80111277923338],[51.60670047384881,25.21567047779874],[51.38960778179063,24.62738597258806],[51.11241539897702,24.556330878186724],[50.81010827006958,24.754742539971378]]]}},{"id":"86","type":"Feature","properties":{"pop_est":2875422,"continent":"Asia","name":"Kuwait","iso_a3":"KWT","gdp_md_est":301100.0},"geometry":{"type":"Polygon","coordinates":[[[47.974519077349896,29.975819200148504],[48.18318851094449,29.534476630159762],[48.09394331237642,29.306299343375002],[48.416094191283946,28.55200429942667],[47.708850538937384,28.526062730416143],[47.45982181172283,29.002519436147224],[46.568713413281756,29.09902517345229],[47.30262210469096,30.059069932570722],[47.974519077349896,29.975819200148504]]]}},{"id":"87","type":"Feature","properties":{"pop_est":39192111,"continent":"Asia","name":"Iraq","iso_a3":"IRQ","gdp_md_est":596700.0},"geometry":{"type":"Polygon","coordinates":[[[39.19546837744497,32.16100881604267],[38.792340529136084,33.378686428352225],[41.006158888519934,34.41937226006212],[41.383965285005814,35.628316555314356],[41.289707472505455,36.35881460219227],[41.83706424334096,36.605853786763575],[42.34959109881177,37.2298725449041],[42.77912560402183,37.385263576805755],[43.9422587420473,37.25622752537295],[44.29345177590287,37.0015143906063],[44.77267710159504,37.17043692561684],[45.42061811705321,35.977545884742824],[46.0763403664048,35.67738332777549],[46.15178795755094,35.09325877536429],[45.64845950702809,34.748137722303014],[45.41669070819904,33.967797756479584],[46.10936160663932,33.017287299119005],[47.33466149271191,32.46915538179911],[47.8492037290421,31.70917593029867],[47.68528608581227,30.984853217079632],[48.004698113808324,30.985137437457244],[48.0145683123761,30.452456773392598],[48.567971225789755,29.926778265903522],[47.30262210469096,30.059069932570722],[46.568713413281756,29.09902517345229],[44.70949873228474,29.178891099559383],[41.889980910007836,31.19000865327837],[40.399994337736246,31.889991766887935],[39.19546837744497,32.16100881604267]]]}},{"id":"88","type":"Feature","properties":{"pop_est":3424386,"continent":"Asia","name":"Oman","iso_a3":"OMN","gdp_md_est":173100.0},"geometry":{"type":"MultiPolygon","coordinates":[[[[55.208341098863194,22.708329982997046],[55.234489373602884,23.110992743415324],[55.525841098864475,23.524869289640932],[55.52863162620824,23.933604030853502],[55.98121382022046,24.13054291431783],[55.804118686756226,24.269604193615265],[55.88623253766801,24.920830593357447],[56.396847365144005,24.924732163995486],[56.845140415276006,24.241673081961505],[57.4034525897574,23.878594468678813],[58.72921146020542,23.56566783293536],[59.45009769067703,22.6602709009656],[59.80806033716286,22.533611965418217],[59.806148309168066,22.310524807214193],[59.28240766788991,21.43388580981485],[58.86114139184656,21.114034532144302],[58.48798587426694,20.428985907467094],[58.034318475176605,20.481437486243337],[57.826372511634105,20.24300242764863],[57.665762160070955,19.73600495043307],[57.788700392493325,19.067570298737678],[57.694390903560645,18.94470958096376],[57.234263950433814,18.947991034414287],[56.60965091332193,18.574267076079465],[56.51218916201947,18.087113348863966],[56.28352094912793,17.876066799383963],[55.66149173363064,17.884128322821496],[55.26993940615512,17.632309068263197],[55.27490034365513,17.22835439703762],[54.79100223167404,16.95069692633338],[54.23925296409371,17.044980577049913],[53.570508253804576,16.707662665264706],[53.10857262554751,16.651051133688952],[52.00000980002224,19.000003363516058],[54.99998172386236,19.999994004796108],[55.666659376859826,22.00000112557234],[55.208341098863194,22.708329982997046]]],[[[56.261041701080956,25.71460643157677],[56.07082075381456,26.05546417897398],[56.36201744977927,26.39593435312898],[56.48567915225374,26.309117946878633],[56.261041701080956,25.71460643157677]]]]}},{"id":"106","type":"Feature","properties":{"pop_est":5351277,"continent":"Asia","name":"Turkmenistan","iso_a3":"TKM","gdp_md_est":94720.0},"geometry":{"type":"Polygon","coordinates":[[[52.50245975119615,41.78331553808637],[52.944293247291654,42.11603424739759],[54.07941775901495,42.32410940202083],[54.75534549339264,42.043971462566574],[55.45525109235377,41.25985911718584],[57.0963912290791,41.32231008561057],[56.932215203687804,41.826026109375604],[57.78652998233708,42.17055288346552],[58.62901085799146,42.75155101172305],[59.976422153569786,42.22308197689021],[60.083340691981675,41.425146185871405],[60.465952996670694,41.22032664648255],[61.54717898951356,41.266370347654615],[61.88271406438469,41.084856879229406],[62.374260288345006,40.05388621679039],[64.17022301621677,38.892406724598246],[65.2159989765074,38.4026950139843],[66.54615034370022,37.97468496352687],[66.51860680528867,37.36278432875879],[65.74563073106683,37.66116404881207],[65.58894778835784,37.30521678318564],[64.7461051776774,37.111817735333304],[64.5464791197339,36.31207326918427],[63.98289594915871,36.0079574651466],[63.19353844590035,35.857165635718914],[62.98466230657661,35.40404083916762],[62.230651483005886,35.270663967422294],[61.210817091725744,35.650072333309225],[61.123070509694145,36.491597194966246],[60.37763797388388,36.52738312432837],[59.23476199731681,37.41298798273034],[58.436154412678206,37.5223094752438],[57.330433790928986,38.02922943781094],[56.61936608259282,38.121394354803485],[56.18037479027333,37.93512665460743],[55.51157840355191,37.96411713312317],[54.800303989486565,37.392420762678185],[53.92159793479556,37.19891836196126],[53.73551110211252,37.90613617609169],[53.880928582581845,38.95209300389536],[53.1010278664329,39.29057363540713],[53.35780805849123,39.97528636327445],[52.69397260926982,40.03362905533197],[52.915251092343624,40.87652334244473],[53.858139275941134,40.63103445084218],[54.73684533063215,40.95101491959346],[54.008310988181314,41.55121084244742],[53.72171349469059,42.12319143327003],[52.916749708880076,41.86811656347733],[52.81468875510362,41.13537059179471],[52.50245975119615,41.78331553808637]]]}},{"id":"107","type":"Feature","properties":{"pop_est":82021564,"continent":"Asia","name":"Iran","iso_a3":"IRN","gdp_md_est":1459000.0},"geometry":{"type":"Polygon","coordinates":[[[48.567971225789755,29.926778265903522],[48.0145683123761,30.452456773392598],[48.004698113808324,30.985137437457244],[47.68528608581227,30.984853217079632],[47.8492037290421,31.70917593029867],[47.33466149271191,32.46915538179911],[46.10936160663932,33.017287299119005],[45.41669070819904,33.967797756479584],[45.64845950702809,34.748137722303014],[46.15178795755094,35.09325877536429],[46.0763403664048,35.67738332777549],[45.42061811705321,35.977545884742824],[44.22575564960053,37.97158437758935],[44.421402622257546,38.28128123631454],[44.10922529478234,39.4281362981681],[44.79398969908195,39.71300263117705],[44.95268802265031,39.33576467544637],[45.45772179543877,38.87413910578306],[46.14362308124882,38.74120148371222],[46.50571984231797,38.770605373686294],[47.685079380083096,39.50836395930122],[48.06009524922524,39.58223541926246],[48.35552941263788,39.28876496027691],[48.01074425638648,38.79401479751452],[48.63437544128482,38.27037750910097],[48.88324913920249,38.32024526626262],[49.19961225769334,37.582874253889884],[50.14777143738462,37.37456655532134],[50.84235436381971,36.8728142359834],[52.264024692601424,36.7004216578577],[53.82578982932642,36.965030829408235],[53.92159793479556,37.19891836196126],[54.800303989486565,37.392420762678185],[55.51157840355191,37.96411713312317],[56.18037479027333,37.93512665460743],[56.61936608259282,38.121394354803485],[57.330433790928986,38.02922943781094],[58.436154412678206,37.5223094752438],[59.23476199731681,37.41298798273034],[60.37763797388388,36.52738312432837],[61.123070509694145,36.491597194966246],[61.210817091725744,35.650072333309225],[60.52842980331158,33.676446031218006],[60.963700392506006,33.52883230237626],[60.536077915290775,32.98126882581157],[60.863654819588966,32.18291962333443],[60.94194461451113,31.548074652628753],[61.69931440618083,31.379506130492672],[61.781221551363444,30.735850328081238],[60.87424848820879,29.829238999952608],[61.77186811711863,28.6993338078908],[62.72783043808599,28.25964488373539],[62.75542565292986,27.378923448184988],[63.2338977395203,27.21704702403071],[63.31663170761959,26.756532497661667],[61.87418745305655,26.239974880472104],[61.49736290878419,25.0782370061185],[57.39725141788239,25.73990204518364],[56.970765822177555,26.966106268821363],[56.492138706290206,27.143304755150197],[55.723710158110066,26.964633490501043],[54.71508955263727,26.480657863871514],[53.49309695823135,26.81236888275305],[52.48359785340961,27.580849107365495],[51.52076256694742,27.865689602158298],[50.115008579311585,30.147772528599717],[49.576850213423995,29.985715236932407],[48.94133344909855,30.317090359004037],[48.567971225789755,29.926778265903522]]]}},{"id":"108","type":"Feature","properties":{"pop_est":18028549,"continent":"Asia","name":"Syria","iso_a3":"SYR","gdp_md_est":50280.0},"geometry":{"type":"Polygon","coordinates":[[[35.71991824722275,32.709192409794866],[36.066460402172055,33.82491242119255],[36.61175011571589,34.20178864189718],[36.4481942075121,34.59393524834407],[35.99840254084364,34.644914048800004],[35.905023227692226,35.410009467097325],[36.149762811026534,35.82153473565367],[36.6853890317318,36.259699205056464],[36.7394942563414,36.81752045343109],[37.06676110204583,36.62303620050062],[38.1677274920242,36.90121043552777],[38.6998913917659,36.71292735447234],[39.52258019385255,36.71605377862599],[40.67325931169569,37.09127635349729],[42.34959109881177,37.2298725449041],[41.83706424334096,36.605853786763575],[41.289707472505455,36.35881460219227],[41.383965285005814,35.628316555314356],[41.006158888519934,34.41937226006212],[36.834062127435544,32.312937526980775],[35.71991824722275,32.709192409794866]]]}},{"id":"109","type":"Feature","properties":{"pop_est":3045191,"continent":"Asia","name":"Armenia","iso_a3":"ARM","gdp_md_est":26300.0},"geometry":{"type":"Polygon","coordinates":[[[46.50571984231797,38.770605373686294],[46.14362308124882,38.74120148371222],[45.73997846861698,39.47399913182713],[45.29814497252146,39.471751207022436],[45.00198733905675,39.740003567049555],[44.79398969908195,39.71300263117705],[44.4000085792887,40.00500031184228],[43.65643639504094,40.253563951166186],[43.75265791196841,40.74020091405876],[43.58274580259273,41.09214325618257],[44.97248009621808,41.248128567055595],[45.17949588397934,40.98535390885141],[45.56035118997045,40.812289537105926],[45.35917483905817,40.56150381119346],[45.89190717955509,40.21847565364],[45.61001224140293,39.89999380142518],[46.48349897643246,39.464154771475535],[46.50571984231797,38.770605373686294]]]}},{"id":"110","type":"Feature","properties":{"pop_est":9960487,"continent":"Europe","name":"Sweden","iso_a3":"SWE","gdp_md_est":498100.0},"geometry":{"type":"Polygon","coordinates":[[[11.027368605196868,58.85614940045936],[11.468271925511146,59.43239329694604],[12.3003658382749,60.11793284773003],[12.631146681375185,61.293571682370136],[11.992064243221563,61.80036245385655],[11.930569288794231,63.12831757267698],[12.579935336973934,64.06621898055833],[13.571916131248713,64.04911408146971],[13.919905226302204,64.44542064071608],[13.55568973150909,64.78702769638151],[15.108411492583002,66.19386688909547],[16.768878614985482,68.0139366726314],[17.729181756265348,68.01055186631628],[17.993868442464333,68.56739126247736],[19.878559604581255,68.40719432237258],[20.025268995857886,69.0651386583127],[20.645592889089528,69.10624726020087],[23.53947309743444,67.93600861273525],[23.565879754335583,66.39605093043743],[23.903378533633802,66.00692739527962],[22.18317345550193,65.72374054632017],[21.21351687997722,65.02600535751527],[21.369631381930958,64.41358795842429],[17.84777916837521,62.74940013289681],[17.119554884518124,61.34116567651097],[17.83134606290639,60.63658336042741],[18.78772179533209,60.081914374422595],[17.86922488777634,58.9537661810587],[16.829185011470088,58.71982697207339],[16.447709588291474,57.041118069071885],[15.879785597403783,56.10430186626866],[14.666681349352075,56.200885118222175],[14.100721062891465,55.40778107362265],[12.942910597392057,55.36173737245058],[12.625100538797028,56.30708018658197],[11.787942335668674,57.44181712506307],[11.027368605196868,58.85614940045936]]]}},{"id":"111","type":"Feature","properties":{"pop_est":9549747,"continent":"Europe","name":"Belarus","iso_a3":"BLR","gdp_md_est":165400.0},"geometry":{"type":"Polygon","coordinates":[[[28.17670942557794,56.16912995057879],[29.229513380660308,55.91834422466636],[29.371571893030673,55.670090643936184],[29.896294386522356,55.78946320253041],[30.87390913262001,55.55097646750341],[30.971835971813135,55.08154775656404],[30.75753380709872,54.81177094178432],[31.38447228366374,54.15705638286238],[31.79142418796224,53.974638576872124],[31.731272820774507,53.79402944601202],[32.405598585751164,53.61804535584204],[32.69364301934604,53.35142080343218],[32.30451948418823,53.13272614197291],[31.49763999999999,53.16743000000014],[31.305200636528014,53.07399587667321],[31.78599244755525,52.1016775699397],[30.927549269338982,52.04235342061439],[30.619454380014815,51.822806098022454],[30.555117221811457,51.31950348571566],[30.157363722460897,51.41613841410147],[29.25493818534784,51.36823436136689],[28.992835320763533,51.602044379271476],[28.61761274589225,51.42771393493484],[28.24161502453657,51.57222707783907],[25.32778771332701,51.91065603291855],[24.553106316839518,51.888461005249184],[24.00507775238418,51.617443956094405],[23.52707075368437,51.57845408793031],[23.508002150168693,52.02364655212473],[23.199493849386187,52.48697744405367],[23.79919884613338,52.69109935160657],[23.80493493011778,53.089731350306074],[23.527535841575002,53.470121568406555],[23.48412763844985,53.91249766704114],[24.450683628037037,53.905702216194754],[25.536353794056993,54.28242340760253],[25.7684326514798,54.84696259217509],[26.58827924979039,55.16717560487167],[26.494331495883756,55.615106919977634],[28.17670942557794,56.16912995057879]]]}},{"id":"112","type":"Feature","properties":{"pop_est":44033874,"continent":"Europe","name":"Ukraine","iso_a3":"UKR","gdp_md_est":352600.0},"geometry":{"type":"Polygon","coordinates":[[[30.927549269338982,52.04235342061439],[32.15944000000013,52.06125000000014],[32.41205813978769,52.28869497334978],[33.75269982273579,52.3350745713318],[34.39173058445709,51.768881740925906],[34.141978387190534,51.566413479206346],[34.22481570815427,51.25599315042888],[35.02218305841791,51.2075723333715],[35.377909999999986,50.773940000000096],[35.356116163887975,50.57719737405904],[36.62616784032542,50.225590928745135],[37.39345950699516,50.38395335550365],[38.01063113785693,49.9156615260747],[38.59498823421342,49.9264619004237],[40.06904000000014,49.60104999999999],[40.080789015469406,49.30742991799934],[39.674649999999986,48.78382000000016],[39.89562000000018,48.23241000000007],[39.738277622238854,47.89893707945197],[38.77057000000008,47.825620000000185],[38.25511233902978,47.54640045835691],[38.223538038899335,47.10218984637595],[37.4251371599899,47.02222056740419],[36.75985477066445,46.69870026304102],[35.82368452326489,46.64596446388714],[34.96234174982385,46.27319651954974],[35.01265897004737,45.73772519982549],[34.73201738827845,45.96566573176062],[33.69946184910907,46.219572831556434],[33.435988094713366,45.971917370797485],[31.744140252415207,46.33334788673733],[31.67530724460255,46.70624502215554],[30.74874881360921,46.583100084004116],[30.377608676888883,46.03241018328572],[29.603289015427436,45.293308010431126],[29.149724969201653,45.464925442072456],[28.67977949393938,45.304030870131704],[28.23355350109904,45.48828318946829],[28.485269402792767,45.5969070501459],[28.933717482221596,46.25883047137256],[28.862972446414062,46.43788930926383],[29.07210696789929,46.517677720722496],[29.170653924279804,46.37926239682872],[30.024658644335375,46.42393667254504],[29.838210076626297,46.52532583270169],[29.908851759569302,46.67436066343146],[29.559674106573112,46.928582872091326],[29.415135125452736,47.34664520933258],[29.05086795422727,47.5102269557525],[29.12269819511303,47.849095160506465],[28.670891147585166,48.1181485052341],[28.259546746541844,48.15556224221342],[27.522537469195157,48.467119452501116],[26.19745039236693,48.22088125263035],[25.9459411964024,47.987148749374214],[24.866317172960578,47.737525743188314],[24.40205610525038,47.98187775328043],[23.142236362406805,48.09634105080695],[22.710531447040495,47.88219391538941],[22.640819939878725,48.150239569687415],[22.085608351334855,48.42226430927179],[22.558137648211755,49.085738023467144],[22.776418898212626,49.02739533140962],[22.518450148211603,49.47677358661974],[23.426508416444392,50.30850576435745],[23.92275719574326,50.42488108987874],[24.029985792748903,50.70540660257518],[23.52707075368437,51.57845408793031],[24.00507775238418,51.617443956094405],[24.553106316839518,51.888461005249184],[25.32778771332701,51.91065603291855],[28.24161502453657,51.57222707783907],[28.61761274589225,51.42771393493484],[28.992835320763533,51.602044379271476],[29.25493818534784,51.36823436136689],[30.157363722460897,51.41613841410147],[30.555117221811457,51.31950348571566],[30.619454380014815,51.822806098022454],[30.927549269338982,52.04235342061439]]]}},{"id":"113","type":"Feature","properties":{"pop_est":38476269,"continent":"Europe","name":"Poland","iso_a3":"POL","gdp_md_est":1052000.0},"geometry":{"type":"Polygon","coordinates":[[[23.48412763844985,53.91249766704114],[23.527535841575002,53.470121568406555],[23.80493493011778,53.089731350306074],[23.79919884613338,52.69109935160657],[23.199493849386187,52.48697744405367],[23.508002150168693,52.02364655212473],[23.52707075368437,51.57845408793031],[24.029985792748903,50.70540660257518],[23.92275719574326,50.42488108987874],[23.426508416444392,50.30850576435745],[22.518450148211603,49.47677358661974],[22.776418898212626,49.02739533140962],[21.607808058364213,49.47010732685409],[20.887955356538413,49.32877228453583],[20.415839471119853,49.43145335549977],[19.825022820726872,49.21712535256923],[19.320712517990472,49.571574001659194],[18.90957482267632,49.435845852244576],[18.392913852622172,49.98862864847075],[17.64944502123899,50.049038397819956],[17.55456709155112,50.36214590107642],[16.86876915860566,50.47397370055603],[16.719475945714436,50.21574656839354],[16.176253289462267,50.42260732685791],[16.23862674323857,50.69773265237984],[15.490972120839729,50.78472992614321],[15.01699588385867,51.10667409932158],[14.607098422919535,51.74518809671997],[14.685026482815687,52.0899474147552],[14.437599725002201,52.62485016540839],[14.074521111719434,52.98126251892535],[14.353315463934138,53.24817129171297],[14.119686313542559,53.75702912049104],[17.622831658608675,54.85153595643291],[18.62085859546164,54.68260569927078],[18.696254510175464,54.43871877706929],[22.731098667092652,54.327536932993326],[23.24398725758951,54.22056671814914],[23.48412763844985,53.91249766704114]]]}},{"id":"114","type":"Feature","properties":{"pop_est":8754413,"continent":"Europe","name":"Austria","iso_a3":"AUT","gdp_md_est":416600.0},"geometry":{"type":"Polygon","coordinates":[[[16.979666782304037,48.123497015976305],[16.90375410326726,47.71486562762833],[16.340584344150415,47.71290192320123],[16.534267612380376,47.49617096616912],[16.011663852612656,46.6836107448117],[15.137091912504985,46.65870270444703],[14.63247155117483,46.43181732846955],[12.376485223040817,46.76755910906985],[12.153088006243054,47.11539317482645],[11.16482791509327,46.94157949481273],[11.048555942436536,46.75135854754634],[9.479969516649021,47.102809963563374],[9.632931756232978,47.34760122332999],[9.59422610844635,47.52505809182027],[9.89606814946319,47.580196845075704],[10.402083774465211,47.30248769793916],[10.544504021861599,47.5663992376538],[11.426414015354737,47.523766181012974],[12.141357456112788,47.703083401065776],[12.620759718484493,47.67238760028441],[12.932626987365948,47.467645575544],[13.02585127122049,47.63758352313583],[12.884102817443875,48.28914581968786],[13.243357374737,48.416114813829054],[13.595945672264437,48.87717194273715],[14.338897739324722,48.55530528420721],[14.901447381254057,48.964401760445824],[15.253415561593982,49.03907420510758],[16.02964725105022,48.73389903420793],[16.499282667718774,48.78580801044511],[16.960288120194576,48.5969823268506],[16.879982944413,48.47001333270947],[16.979666782304037,48.123497015976305]]]}},{"id":"115","type":"Feature","properties":{"pop_est":9850845,"continent":"Europe","name":"Hungary","iso_a3":"HUN","gdp_md_est":267600.0},"geometry":{"type":"Polygon","coordinates":[[[22.085608351334855,48.42226430927179],[22.640819939878725,48.150239569687415],[22.710531447040495,47.88219391538941],[22.099767693782837,47.6724392767167],[21.02195234547125,46.3160879583519],[20.220192498462836,46.127468980486555],[19.596044549241583,46.17172984474454],[18.45606245288286,45.75948110613615],[17.630066359129557,45.95176911069419],[16.564808383864857,46.50375092221983],[16.370504998447416,46.841327216166505],[16.202298211337364,46.85238597267696],[16.534267612380376,47.49617096616912],[16.340584344150415,47.71290192320123],[16.90375410326726,47.71486562762833],[16.979666782304037,48.123497015976305],[17.857132602620027,47.75842886005037],[18.696512892336926,47.880953681014404],[18.77702477384767,48.081768296900634],[20.239054396249347,48.32756724709692],[20.473562045989866,48.562850043321816],[20.801293979584926,48.623854071642384],[21.872236362401736,48.31997081155002],[22.085608351334855,48.42226430927179]]]}},{"id":"116","type":"Feature","properties":{"pop_est":3474121,"continent":"Europe","name":"Moldova","iso_a3":"MDA","gdp_md_est":18540.0},"geometry":{"type":"Polygon","coordinates":[[[26.619336785597795,48.22072622333347],[27.522537469195157,48.467119452501116],[28.259546746541844,48.15556224221342],[28.670891147585166,48.1181485052341],[29.12269819511303,47.849095160506465],[29.05086795422727,47.5102269557525],[29.415135125452736,47.34664520933258],[29.559674106573112,46.928582872091326],[29.908851759569302,46.67436066343146],[29.838210076626297,46.52532583270169],[30.024658644335375,46.42393667254504],[29.170653924279804,46.37926239682872],[29.07210696789929,46.517677720722496],[28.862972446414062,46.43788930926383],[28.933717482221596,46.25883047137256],[28.485269402792767,45.5969070501459],[28.23355350109904,45.48828318946829],[28.0544429867754,45.944586086605625],[28.128030226359044,46.810476386088254],[26.924176059687568,48.123264472030996],[26.619336785597795,48.22072622333347]]]}},{"id":"117","type":"Feature","properties":{"pop_est":21529967,"continent":"Europe","name":"Romania","iso_a3":"ROU","gdp_md_est":441000.0},"geometry":{"type":"Polygon","coordinates":[[[28.23355350109904,45.48828318946829],[28.67977949393938,45.304030870131704],[29.149724969201653,45.464925442072456],[29.603289015427436,45.293308010431126],[29.62654340995877,45.0353909368624],[29.141611769331835,44.820210272799045],[28.8378577003202,44.913873806328056],[28.558081495891997,43.70746165625813],[27.970107049275075,43.81246816667522],[27.242399529740908,44.175986029632405],[26.065158725699746,43.94349376075127],[25.569271681426926,43.68844472917472],[24.100679152124172,43.74105133724785],[23.332302280376325,43.897010809904714],[22.944832391051847,43.82378530534713],[22.4740084164406,44.40922760678177],[22.705725538837356,44.57800283464702],[22.459022251075936,44.7025171982543],[22.14508792490281,44.47842234962059],[21.56202273935361,44.7689472519655],[21.48352623870221,45.18117015235788],[20.874312778413355,45.416375433934235],[20.762174920339987,45.734573065771485],[20.220192498462836,46.127468980486555],[21.02195234547125,46.3160879583519],[22.099767693782837,47.6724392767167],[23.142236362406805,48.09634105080695],[24.40205610525038,47.98187775328043],[24.866317172960578,47.737525743188314],[25.9459411964024,47.987148749374214],[26.19745039236693,48.22088125263035],[26.619336785597795,48.22072622333347],[26.924176059687568,48.123264472030996],[28.128030226359044,46.810476386088254],[28.0544429867754,45.944586086605625],[28.23355350109904,45.48828318946829]]]}},{"id":"118","type":"Feature","properties":{"pop_est":2823859,"continent":"Europe","name":"Lithuania","iso_a3":"LTU","gdp_md_est":85620.0},"geometry":{"type":"Polygon","coordinates":[[[26.494331495883756,55.615106919977634],[26.58827924979039,55.16717560487167],[25.7684326514798,54.84696259217509],[25.536353794056993,54.28242340760253],[24.450683628037037,53.905702216194754],[23.48412763844985,53.91249766704114],[23.24398725758951,54.22056671814914],[22.731098667092652,54.327536932993326],[22.65105187347254,54.582740993866736],[22.75776370615526,54.85657440858138],[21.268448927503467,55.190481675835315],[21.055800408622417,56.031076361711065],[22.201156853939494,56.33780182557949],[23.878263787539964,56.27367137310527],[24.86068444184076,56.37252838807963],[25.000934279080894,56.16453074810484],[25.533046502390334,56.100296942766036],[26.494331495883756,55.615106919977634]]]}},{"id":"119","type":"Feature","properties":{"pop_est":1944643,"continent":"Europe","name":"Latvia","iso_a3":"LVA","gdp_md_est":50650.0},"geometry":{"type":"Polygon","coordinates":[[[27.288184848751513,57.47452830670383],[27.77001590344093,57.24425812441123],[27.855282016722526,56.75932648378429],[28.17670942557794,56.16912995057879],[26.494331495883756,55.615106919977634],[25.533046502390334,56.100296942766036],[25.000934279080894,56.16453074810484],[24.86068444184076,56.37252838807963],[23.878263787539964,56.27367137310527],[22.201156853939494,56.33780182557949],[21.055800408622417,56.031076361711065],[21.090423618257972,56.78387278912294],[21.581866489353672,57.411870632549935],[22.52434126149288,57.75337433535076],[23.318452996522097,57.00623647727487],[24.12072960785343,57.02569265403277],[24.312862583114622,57.79342357037697],[25.16459354014927,57.97015696881519],[26.463532342237787,57.47638865826633],[27.288184848751513,57.47452830670383]]]}},{"id":"120","type":"Feature","properties":{"pop_est":1251581,"continent":"Europe","name":"Estonia","iso_a3":"EST","gdp_md_est":38700.0},"geometry":{"type":"Polygon","coordinates":[[[27.981126857000987,59.47537333432527],[28.13169925305175,59.300825100330925],[27.42015000000015,58.72457000000014],[27.71668582531572,57.79189911562436],[27.288184848751513,57.47452830670383],[26.463532342237787,57.47638865826633],[25.16459354014927,57.97015696881519],[24.312862583114622,57.79342357037697],[24.42892785004216,58.38341339785329],[24.061198357853186,58.25737457949341],[23.426560092876684,58.612753404364625],[23.339795363058645,59.187240302153384],[25.86418908051664,59.61109039981133],[26.949135776484525,59.445803331125774],[27.981126857000987,59.47537333432527]]]}},{"id":"121","type":"Feature","properties":{"pop_est":80594017,"continent":"Europe","name":"Germany","iso_a3":"DEU","gdp_md_est":3979000.0},"geometry":{"type":"Polygon","coordinates":[[[14.119686313542559,53.75702912049104],[14.353315463934138,53.24817129171297],[14.074521111719434,52.98126251892535],[14.437599725002201,52.62485016540839],[14.685026482815687,52.0899474147552],[14.607098422919535,51.74518809671997],[15.01699588385867,51.10667409932158],[14.570718214586066,51.002339382524276],[14.307013380600637,51.117267767941414],[14.056227654688172,50.9269176295943],[12.240111118222558,50.266337795607285],[12.521024204161193,49.547415269562734],[13.595945672264437,48.87717194273715],[13.243357374737,48.416114813829054],[12.884102817443875,48.28914581968786],[13.02585127122049,47.63758352313583],[12.932626987365948,47.467645575544],[12.620759718484493,47.67238760028441],[12.141357456112788,47.703083401065776],[11.426414015354737,47.523766181012974],[10.544504021861599,47.5663992376538],[10.402083774465211,47.30248769793916],[9.89606814946319,47.580196845075704],[9.59422610844635,47.52505809182027],[8.522611932009767,47.83082754169129],[8.317301466514095,47.61357982033627],[7.466759067422231,47.62058197691181],[7.593676385131062,48.33301911070372],[8.099278598674744,49.01778351500333],[6.658229607783568,49.20195831969157],[6.186320428094177,49.463802802114515],[6.242751092156993,49.90222565367873],[6.043073357781111,50.128051662794235],[6.15665815595878,50.80372101501058],[5.988658074577813,51.851615709025054],[6.589396599970826,51.852029120483394],[6.842869500362383,52.22844025329755],[7.092053256873896,53.144043280644894],[6.905139601274129,53.48216217713065],[7.100424838905269,53.69393219666267],[7.936239454793963,53.74829580343379],[8.121706170289485,53.52779246684429],[8.800734490604668,54.020785630908904],[8.57211795414537,54.39564647075406],[8.526229282270208,54.96274363872516],[9.282048780971138,54.830865383516176],[9.921906365609118,54.98310415304803],[9.9395797054529,54.596641954153256],[10.950112338920519,54.363607082733154],[10.93946699386845,54.00869334575259],[11.956252475643282,54.19648550070116],[12.518440382546714,54.470370591847995],[13.647467075259499,54.0755109727059],[14.119686313542559,53.75702912049104]]]}},{"id":"122","type":"Feature","properties":{"pop_est":7101510,"continent":"Europe","name":"Bulgaria","iso_a3":"BGR","gdp_md_est":143100.0},"geometry":{"type":"Polygon","coordinates":[[[22.65714969248299,44.23492300066128],[22.944832391051847,43.82378530534713],[23.332302280376325,43.897010809904714],[24.100679152124172,43.74105133724785],[25.569271681426926,43.68844472917472],[26.065158725699746,43.94349376075127],[27.242399529740908,44.175986029632405],[27.970107049275075,43.81246816667522],[28.558081495891997,43.70746165625813],[28.03909508638472,43.293171698574184],[27.67389773937805,42.57789236100622],[27.99672041190539,42.00735871028779],[27.13573937349048,42.14148489030134],[26.1170418637208,41.82690460872456],[26.106138136507127,41.32889883072784],[25.197201368925448,41.23448598893053],[24.492644891057978,41.58389618587205],[23.692073601992348,41.309080918943856],[22.952377150166452,41.33799388281115],[22.881373732197346,41.999297186850356],[22.380525750424592,42.32025950781509],[22.54501183440962,42.46136200618804],[22.43659467946128,42.580321153323936],[22.60480146657133,42.898518785161144],[22.986018507588483,43.2111612005271],[22.500156691180223,43.642814439461006],[22.410446404721597,44.008063462899955],[22.65714969248299,44.23492300066128]]]}},{"id":"123","type":"Feature","properties":{"pop_est":10768477,"continent":"Europe","name":"Greece","iso_a3":"GRC","gdp_md_est":290500.0},"geometry":{"type":"MultiPolygon","coordinates":[[[[26.290002882601698,35.29999034274793],[26.16499759288766,35.00499542900977],[24.724982130642303,34.91998769788964],[24.735007358506916,35.08499054619759],[23.51497846852808,35.27999156345098],[23.699980096133004,35.70500438083549],[24.246665073348705,35.368022365860185],[25.769207797964185,35.35401805270908],[25.745023227651586,35.1799976669662],[26.290002882601698,35.29999034274793]]],[[[22.952377150166452,41.33799388281115],[23.692073601992348,41.309080918943856],[24.492644891057978,41.58389618587205],[25.197201368925448,41.23448598893053],[26.106138136507127,41.32889883072784],[26.1170418637208,41.82690460872456],[26.60419559093623,41.562114569661105],[26.294602085075667,40.93626129817413],[26.05694217296534,40.82412344010076],[24.92584842296094,40.947061672523205],[23.71481123220076,40.687129218095095],[24.40799889496401,40.12499298762407],[23.899967889102584,39.96200552017552],[23.342999301860743,39.96099782974579],[22.813987664488934,40.476005153966526],[22.626298862404724,40.25656118423916],[22.84974775563478,39.659310818025745],[23.35002729665257,39.190011298167235],[22.973099399515547,38.97090322524963],[24.025024855248887,38.21999298761642],[24.040011020613576,37.655014553369426],[23.115002882589124,37.920011298162194],[23.409971958111043,37.40999074965737],[22.77497195810861,37.30501007745653],[23.15422529469862,36.422505804992056],[22.490028110451078,36.4100001083774],[21.67002648284364,36.8449864771942],[21.120034213961333,38.31032339126273],[20.217712029712857,39.34023468683961],[20.15001590341052,39.62499766698397],[20.615000441172754,40.11000682225938],[20.674996779063633,40.43499990494303],[20.999989861747224,40.58000397395398],[21.0200403174764,40.84272695572588],[21.674160597426976,40.931274522457954],[22.05537763844427,41.14986583105269],[22.597308383889015,41.130487168943205],[22.952377150166452,41.33799388281115]]]]}},{"id":"124","type":"Feature","properties":{"pop_est":80845215,"continent":"Asia","name":"Turkey","iso_a3":"TUR","gdp_md_est":1670000.0},"geometry":{"type":"MultiPolygon","coordinates":[[[[44.77267710159504,37.17043692561684],[44.29345177590287,37.0015143906063],[43.9422587420473,37.25622752537295],[42.77912560402183,37.385263576805755],[42.34959109881177,37.2298725449041],[40.67325931169569,37.09127635349729],[39.52258019385255,36.71605377862599],[38.6998913917659,36.71292735447234],[38.1677274920242,36.90121043552777],[37.06676110204583,36.62303620050062],[36.7394942563414,36.81752045343109],[36.6853890317318,36.259699205056464],[36.149762811026534,35.82153473565367],[35.782084995269855,36.27499542901485],[36.160821567537,36.65060557712833],[35.55093631362831,36.565442816711325],[34.714553256984345,36.7955321314909],[34.026894972476384,36.219960028624016],[32.509158156064075,36.107563788389186],[31.699595167779567,36.64427521417258],[30.621624790171097,36.6778648951623],[30.391096225717064,36.26298065850699],[29.69997562024554,36.144357408180994],[28.732902866335422,36.67683136651647],[27.641186557737317,36.65882212986274],[27.048767937943264,37.653360907536],[26.318218214633045,38.208133246405396],[26.804700148228733,38.985760199533516],[26.17078535330433,39.463612168936464],[27.28001997244939,40.42001373957831],[28.81997765474722,40.46001129817221],[29.240003696415584,41.21999074967267],[31.14593387220444,41.08762156835702],[32.34797936374571,41.736264146484615],[33.51328291192746,42.01896006933731],[35.167703891751785,42.040224921225416],[36.9131270688421,41.33535838476427],[38.34766482926452,40.94858612727573],[39.512606642420195,41.10276276301855],[40.373432651538224,41.01367259374735],[41.55408410011066,41.53565623632757],[42.61954878110449,41.58317271581994],[43.58274580259273,41.09214325618257],[43.75265791196841,40.74020091405876],[43.65643639504094,40.253563951166186],[44.4000085792887,40.00500031184228],[44.79398969908195,39.71300263117705],[44.10922529478234,39.4281362981681],[44.421402622257546,38.28128123631454],[44.22575564960053,37.97158437758935],[44.77267710159504,37.17043692561684]]],[[[26.1170418637208,41.82690460872456],[27.13573937349048,42.14148489030134],[27.99672041190539,42.00735871028779],[28.115524529744416,41.62288605403624],[28.988442824018733,41.29993419042819],[28.806438429486743,41.05496206314856],[27.61901736828409,40.99982330989314],[26.35800906749779,40.151993923496505],[26.04335127127257,40.61775360774317],[26.05694217296534,40.82412344010076],[26.294602085075667,40.93626129817413],[26.60419559093623,41.562114569661105],[26.1170418637208,41.82690460872456]]]]}},{"id":"125","type":"Feature","properties":{"pop_est":3047987,"continent":"Europe","name":"Albania","iso_a3":"ALB","gdp_md_est":33900.0},"geometry":{"type":"Polygon","coordinates":[[[21.0200403174764,40.84272695572588],[20.999989861747224,40.58000397395398],[20.674996779063633,40.43499990494303],[20.615000441172754,40.11000682225938],[20.15001590341052,39.62499766698397],[19.980000441170148,39.69499339452341],[19.960001661873207,39.91500580500605],[19.406081984136733,40.250773423822466],[19.319058872157143,40.72723012955356],[19.540027296637106,41.71998607031276],[19.37176883309496,41.877547512370654],[19.304486118250793,42.19574514420782],[19.73805138517963,42.68824738216557],[19.801613396898688,42.50009349219084],[20.070700000000045,42.58863000000008],[20.522950000000037,42.21787000000006],[20.59024743010491,41.855404161133606],[20.463175083099202,41.51508901627534],[20.605181919037364,41.086226304685226],[21.0200403174764,40.84272695572588]]]}},{"id":"126","type":"Feature","properties":{"pop_est":4292095,"continent":"Europe","name":"Croatia","iso_a3":"HRV","gdp_md_est":94240.0},"geometry":{"type":"Polygon","coordinates":[[[16.564808383864857,46.50375092221983],[17.630066359129557,45.95176911069419],[18.45606245288286,45.75948110613615],[18.829824792873946,45.908872358025285],[19.39047570158459,45.236515611342384],[19.005484597557594,44.86023449354299],[18.553214145591653,45.08158966733146],[17.861783481526402,45.067740383477144],[17.002146030351014,45.23377676043094],[16.534939406000206,45.21160757097772],[16.318156772535872,45.00412669532591],[15.959367303133376,45.23377676043094],[15.750026075918981,44.818711656262565],[16.456442905348865,44.04123973243128],[17.674921502358984,43.02856252702361],[18.559999999999945,42.64999999999998],[18.450016310304818,42.47999136002932],[16.930005730871642,43.20999848080038],[16.015384555737683,43.50721548112722],[15.174453973052096,44.243191229827914],[15.376250441151797,44.31791535092208],[14.92030927904051,44.73848399512946],[14.901602410550879,45.07606028907611],[14.258747592839995,45.23377676043094],[13.952254672917036,44.80212352149687],[13.656975538801191,45.13693512631596],[13.715059848697223,45.500323798192376],[14.411968214585414,45.46616567644746],[14.595109490627806,45.634940904312714],[15.327674594797429,45.45231639259333],[15.323953891672405,45.73178253842768],[15.671529575267556,45.83415355079788],[15.768732944408553,46.23810822202345],[16.564808383864857,46.50375092221983]]]}},{"id":"127","type":"Feature","properties":{"pop_est":8236303,"continent":"Europe","name":"Switzerland","iso_a3":"CHE","gdp_md_est":496300.0},"geometry":{"type":"Polygon","coordinates":[[[9.59422610844635,47.52505809182027],[9.632931756232978,47.34760122332999],[9.479969516649021,47.102809963563374],[9.932448357796659,46.92072805438296],[10.44270145024663,46.89354625099743],[10.363378126678612,46.48357127540986],[9.922836541390382,46.31489940040919],[9.182881707403055,46.44021474871698],[8.966305779667806,46.03693187111119],[8.489952426801324,46.005150865251686],[8.31662967289438,46.16364248309086],[7.7559920589598335,45.82449005795931],[7.2738509456766565,45.776947740250776],[6.843592970414505,45.99114655210061],[6.5000997249704255,46.42967275652944],[6.022609490593538,46.27298981382047],[6.037388950229001,46.725778713561866],[6.768713820023606,47.2877082383037],[6.736571079138059,47.541801255882845],[7.192202182655507,47.44976552997102],[7.466759067422231,47.62058197691181],[8.317301466514095,47.61357982033627],[8.522611932009767,47.83082754169129],[9.59422610844635,47.52505809182027]]]}},{"id":"128","type":"Feature","properties":{"pop_est":594130,"continent":"Europe","name":"Luxembourg","iso_a3":"LUX","gdp_md_est":58740.0},"geometry":{"type":"Polygon","coordinates":[[[6.043073357781111,50.128051662794235],[6.242751092156993,49.90222565367873],[6.186320428094177,49.463802802114515],[5.674051954784829,49.529483547557504],[5.782417433300907,50.09032786722122],[6.043073357781111,50.128051662794235]]]}},{"id":"129","type":"Feature","properties":{"pop_est":11491346,"continent":"Europe","name":"Belgium","iso_a3":"BEL","gdp_md_est":508600.0},"geometry":{"type":"Polygon","coordinates":[[[6.15665815595878,50.80372101501058],[6.043073357781111,50.128051662794235],[5.782417433300907,50.09032786722122],[5.674051954784829,49.529483547557504],[4.799221632515724,49.98537303323637],[4.2860229834250845,49.907496649772554],[3.1232515804256877,50.78036326761455],[2.658422071960274,50.796848049515745],[2.5135730322461427,51.14850617126183],[3.3149711442285366,51.345780951536085],[4.047071160507528,51.26725861266857],[4.973991326526914,51.47502370869813],[6.15665815595878,50.80372101501058]]]}},{"id":"130","type":"Feature","properties":{"pop_est":17084719,"continent":"Europe","name":"Netherlands","iso_a3":"NLD","gdp_md_est":870800.0},"geometry":{"type":"Polygon","coordinates":[[[6.905139601274129,53.48216217713065],[7.092053256873896,53.144043280644894],[6.842869500362383,52.22844025329755],[6.589396599970826,51.852029120483394],[5.988658074577813,51.851615709025054],[6.15665815595878,50.80372101501058],[4.973991326526914,51.47502370869813],[4.047071160507528,51.26725861266857],[3.3149711442285366,51.34575511331991],[3.8302885270431375,51.62054454203195],[4.705997348661185,53.091798407597764],[6.074182570020923,53.510403347378144],[6.905139601274129,53.48216217713065]]]}},{"id":"131","type":"Feature","properties":{"pop_est":10839514,"continent":"Europe","name":"Portugal","iso_a3":"PRT","gdp_md_est":297100.0},"geometry":{"type":"Polygon","coordinates":[[[-9.034817674180246,41.880570583659676],[-8.263856980817792,42.28046865495034],[-8.013174607769912,41.790886135417125],[-6.6686055159676565,41.883386949219584],[-6.389087693700915,41.381815497394655],[-6.851126674822552,41.11108266861753],[-6.864019944679385,40.33087189387483],[-7.026413133156595,40.184524237624245],[-7.066591559263529,39.711891587882775],[-7.498632371439726,39.62957103124181],[-7.098036668313128,39.03007274022379],[-7.374092169616318,38.37305858006492],[-7.029281175148796,38.07576406508977],[-7.537105475281024,37.42890432387624],[-7.453725551778092,37.09778758396607],[-7.855613165711986,36.83826854099627],[-8.382816127953689,36.97888011326246],[-8.898856980820327,36.86880931248078],[-8.746101446965554,37.65134552667661],[-8.83999752443988,38.266243394517616],[-9.287463751655224,38.3584858261586],[-9.526570603869715,38.73742910415491],[-9.446988898140233,39.39206614842837],[-9.048305223008427,39.75509308527877],[-8.768684047877102,40.76063894303019],[-9.034817674180246,41.880570583659676]]]}},{"id":"132","type":"Feature","properties":{"pop_est":48958159,"continent":"Europe","name":"Spain","iso_a3":"ESP","gdp_md_est":1690000.0},"geometry":{"type":"Polygon","coordinates":[[[-7.453725551778092,37.09778758396607],[-7.537105475281024,37.42890432387624],[-7.029281175148796,38.07576406508977],[-7.374092169616318,38.37305858006492],[-7.098036668313128,39.03007274022379],[-7.498632371439726,39.62957103124181],[-7.066591559263529,39.711891587882775],[-7.026413133156595,40.184524237624245],[-6.864019944679385,40.33087189387483],[-6.851126674822552,41.11108266861753],[-6.389087693700915,41.381815497394655],[-6.6686055159676565,41.883386949219584],[-8.013174607769912,41.790886135417125],[-8.263856980817792,42.28046865495034],[-9.034817674180246,41.880570583659676],[-8.984433152695672,42.59277517350627],[-9.392883673530648,43.0266246608127],[-7.97818966310831,43.74833771420099],[-4.3478427799557835,43.40344920508504],[-1.901351284177764,43.42280202897834],[-1.502770961910528,43.03401439063043],[0.3380469091905809,42.57954600683955],[0.7015906103638941,42.795734361332606],[1.8267932470871528,42.34338471126569],[2.9859989762584576,42.47301504166986],[3.0394840836805486,41.892120266276905],[2.0918416683121848,41.226088568683096],[0.8105245296351882,41.01473196060934],[0.7213310074994013,40.678318386389236],[0.10669152181986874,40.12393362076202],[-0.27871131021294104,39.30997813573272],[0.11129072429383768,38.73851430923304],[-0.4671235823491031,38.29236583104115],[-0.6833894514905978,37.642353827457825],[-1.4383821272748492,37.44306366632422],[-2.146452602538119,36.67414419203729],[-4.368900926114719,36.677839056946155],[-4.995219285492212,36.32470815687964],[-5.3771597965614575,35.946850083961465],[-5.866432257500904,36.02981659600606],[-6.236693894872175,36.367677110330334],[-6.520190802425404,36.94291331638732],[-7.453725551778092,37.09778758396607]]]}},{"id":"133","type":"Feature","properties":{"pop_est":5011102,"continent":"Europe","name":"Ireland","iso_a3":"IRL","gdp_md_est":322000.0},"geometry":{"type":"Polygon","coordinates":[[[-6.197884894220991,53.867565009163364],[-6.032985398777611,53.15316417094435],[-6.788856573910849,52.260117906292336],[-8.56161658368356,51.669301255899356],[-9.977085740590269,51.82045482035308],[-9.166282517930782,52.86462881124268],[-9.688524542672454,53.8813626165853],[-7.572167934591064,55.13162221945487],[-7.3660306461787854,54.59584096945272],[-7.572167934591064,54.059956366586],[-6.953730231138067,54.073702297575636],[-6.197884894220991,53.867565009163364]]]}},{"id":"141","type":"Feature","properties":{"pop_est":62137802,"continent":"Europe","name":"Italy","iso_a3":"ITA","gdp_md_est":2221000.0},"geometry":{"type":"MultiPolygon","coordinates":[[[[10.44270145024663,46.89354625099743],[11.048555942436536,46.75135854754634],[11.16482791509327,46.94157949481273],[12.153088006243054,47.11539317482645],[12.376485223040817,46.76755910906985],[13.806475457421527,46.509306138691215],[13.698109978905478,46.01677806251735],[13.937630242578308,45.59101593686462],[13.141606479554296,45.73669179949542],[12.32858117030625,45.381778062514826],[12.383874952858548,44.885374253919096],[12.261453484759102,44.600482082693986],[12.589237094786455,44.09136587175446],[13.526905958722494,43.587727362637864],[14.029820997787029,42.761007798832466],[15.142569614327925,41.95513967545685],[15.926191033601896,41.961315009115715],[16.169897088290384,41.74029490820339],[15.889345737377797,41.541082261718216],[17.51916873543118,40.87714345963222],[18.37668745288252,40.35562490494263],[18.48024702319543,40.16886627863981],[18.293385044028042,39.810774441073264],[17.738380161213314,40.277671006830346],[16.869595981522338,40.44223460546381],[16.448743116937322,39.79540070246644],[17.17148969897147,39.42469981542068],[17.052840610429314,38.90287120213735],[16.635088331781816,38.843572496082416],[16.100960727613,37.9858987493342],[15.684086948314473,37.908849188787016],[15.89198123542468,38.75094249119924],[16.109332309644287,38.9645470240777],[15.413612501698793,40.048356838535156],[14.99849572109818,40.17294871679087],[14.703268263414714,40.604550279292596],[14.060671827865264,40.7863479680954],[13.627985060285397,41.1882872584616],[12.888081902730365,41.253089504555604],[11.191906365614216,42.3554253199897],[10.51194786951774,42.93146251074721],[10.200028924203991,43.9200068222746],[8.88894616052687,44.36633616797951],[8.428560825238577,44.23122813575242],[7.8507666357831445,43.76714793555524],[7.435184767291872,43.69384491634922],[7.549596388386107,44.12790110938481],[7.007562290076635,44.25476675066136],[6.749955275101655,45.02851797136758],[7.096652459347837,45.33309886329589],[6.802355177445605,45.70857982032864],[6.843592970414505,45.99114655210061],[7.2738509456766565,45.776947740250776],[7.7559920589598335,45.82449005795931],[8.31662967289438,46.16364248309086],[8.489952426801324,46.005150865251686],[8.966305779667806,46.03693187111119],[9.182881707403055,46.44021474871698],[9.922836541390382,46.31489940040919],[10.363378126678612,46.48357127540986],[10.44270145024663,46.89354625099743]]],[[[13.741156447004613,38.03496552179533],[15.520376010813806,38.23115509699143],[15.160242954171736,37.44404551853776],[15.309897902089006,37.13421946873183],[15.099988234119422,36.6199872909954],[14.335228712631988,36.996630967754726],[12.431003859108756,37.61294993748375],[12.570943637755136,38.12638113051966],[13.741156447004613,38.03496552179533]]],[[[8.709990675500109,40.899984442705225],[9.210011834356266,41.209991360024176],[9.80997521326492,40.50000885676613],[9.669518670295616,39.17737641047178],[9.214817742559433,39.24047333430015],[8.806935662479674,38.906617743478506],[8.428302443077115,39.17184703221655],[8.388253208050912,40.37831085871876],[8.159998406617689,40.95000722916376],[8.709990675500109,40.899984442705225]]]]}},{"id":"142","type":"Feature","properties":{"pop_est":5605948,"continent":"Europe","name":"Denmark","iso_a3":"DNK","gdp_md_est":264800.0},"geometry":{"type":"MultiPolygon","coordinates":[[[[9.921906365609118,54.98310415304803],[9.282048780971138,54.830865383516176],[8.526229282270208,54.96274363872516],[8.120310906617533,55.5177226833236],[8.08997684086222,56.54001170513759],[8.543437534223415,57.11000275331695],[9.424469028367554,57.1720661484995],[9.775558709358535,57.44794078228966],[10.580005730846125,57.73001658795485],[10.546105991262664,57.21573273378612],[10.250000034230226,56.89001618105044],[10.369992710011957,56.60998159446079],[10.912181837618306,56.458621324277885],[10.667803989310016,56.08138336854721],[10.369992710011957,56.19000722922473],[9.649984978889279,55.469999498102055],[9.921906365609118,54.98310415304803]]],[[[12.370904168353292,56.111407375708794],[12.690006137755603,55.60999095318074],[12.089991082414684,54.80001455343792],[11.043543328504226,55.36486379660424],[10.903913608451603,55.77995473898872],[12.370904168353292,56.111407375708794]]]]}},{"id":"143","type":"Feature","properties":{"pop_est":64769452,"continent":"Europe","name":"United Kingdom","iso_a3":"GBR","gdp_md_est":2788000.0},"geometry":{"type":"MultiPolygon","coordinates":[[[[-6.197884894220991,53.867565009163364],[-6.953730231138067,54.073702297575636],[-7.572167934591064,54.059956366586],[-7.3660306461787854,54.59584096945272],[-7.572167934591064,55.13162221945487],[-6.733847011736145,55.17286001242378],[-5.661948614921968,54.55460317648381],[-6.197884894220991,53.867565009163364]]],[[[-3.093830673788716,53.404547400669685],[-2.945008510744344,53.98499970154671],[-3.6300054589893307,54.615012925833014],[-4.8441690739030605,54.790971177786844],[-5.0825266178492825,55.06160065369937],[-4.7191121077567,55.50847260194348],[-5.047980922862109,55.78398550070756],[-5.586397670911197,55.31114614523682],[-5.644998745130238,56.27501496034483],[-6.1499808414864106,56.785009670633485],[-5.786824713555291,57.81884837506465],[-5.009998745127632,58.63001333275008],[-4.211494513353557,58.55084503847911],[-3.0050048486352807,58.63500010846633],[-4.073828497728073,57.55302480735526],[-1.9592805647769183,57.68479970969952],[-2.219988165689358,56.87001740175356],[-3.1190030582711756,55.973793036515474],[-2.085009324543023,55.9099984808513],[-1.11499101399221,54.624986477265395],[-0.4304849918542004,54.46437612570219],[0.469976840831805,52.929999498092],[1.6815307959146821,52.739520168664],[1.5599878271643206,52.09999848083601],[1.0505615576309424,51.806760565795685],[1.4498653499502439,51.28942780212191],[0.5503336930455021,50.765738837275876],[-0.7875174625586965,50.77498891865622],[-2.4899975244144343,50.50001862243124],[-2.956273972984093,50.696879991247044],[-3.617448085942385,50.22835561787275],[-4.542507900399244,50.341837063185665],[-5.245023159191135,49.95999990498109],[-5.776566941745273,50.15967763935686],[-4.309989793301895,51.21000112568919],[-3.414850633142123,51.42600861266925],[-4.9843672347109305,51.593466091511004],[-5.267295701508942,51.991400458374585],[-4.222346564134909,52.301355699261364],[-4.77001339356417,52.840004991255626],[-4.579999152026971,53.49500377055517],[-3.093830673788716,53.404547400669685]]]]}},{"id":"145","type":"Feature","properties":{"pop_est":9961396,"continent":"Asia","name":"Azerbaijan","iso_a3":"AZE","gdp_md_est":167900.0},"geometry":{"type":"MultiPolygon","coordinates":[[[[46.404950799348825,41.860675157227305],[46.68607059101661,41.82713715266988],[47.37331546406623,41.2197323675112],[47.81566572448463,41.15141612402135],[47.98728315612598,41.40581920019423],[48.58435339611342,41.80886879162067],[49.6189148293096,40.57292430272996],[50.08482954285313,40.52615713150581],[50.39282107931268,40.25656118423912],[49.569202101444795,40.176100979160665],[49.22322838725071,39.04921885838793],[48.85653242370759,38.81548635513178],[48.88324913920249,38.32024526626262],[48.63437544128482,38.27037750910097],[48.01074425638648,38.79401479751452],[48.35552941263788,39.28876496027691],[48.06009524922524,39.58223541926246],[47.685079380083096,39.50836395930122],[46.50571984231797,38.770605373686294],[46.48349897643246,39.464154771475535],[45.61001224140293,39.89999380142518],[45.89190717955509,40.21847565364],[45.35917483905817,40.56150381119346],[45.56035118997045,40.812289537105926],[45.17949588397934,40.98535390885141],[44.97248009621808,41.248128567055595],[45.217426385281584,41.41145193131405],[45.96260053893039,41.123872585609774],[46.50163740416693,41.06444468847411],[46.63790815612058,41.181672675128226],[46.14543175637902,41.72280243587258],[46.404950799348825,41.860675157227305]]],[[[46.14362308124882,38.74120148371222],[45.45772179543877,38.87413910578306],[44.95268802265031,39.33576467544637],[44.79398969908195,39.71300263117705],[45.00198733905675,39.740003567049555],[45.29814497252146,39.471751207022436],[45.73997846861698,39.47399913182713],[46.14362308124882,38.74120148371222]]]]}},{"id":"146","type":"Feature","properties":{"pop_est":4926330,"continent":"Asia","name":"Georgia","iso_a3":"GEO","gdp_md_est":37270.0},"geometry":{"type":"Polygon","coordinates":[[[39.955008579270924,43.43499766699922],[40.07696495947977,43.553104153002316],[42.39440000000013,43.220300000000066],[43.75599000000011,42.740830000000074],[43.931210000000135,42.55496000000011],[44.537622918481986,42.71199270280363],[45.47027916848572,42.50278066666998],[45.776400000000024,42.09244000000018],[46.404950799348825,41.860675157227305],[46.14543175637902,41.72280243587258],[46.63790815612058,41.181672675128226],[46.50163740416693,41.06444468847411],[45.96260053893039,41.123872585609774],[45.217426385281584,41.41145193131405],[44.97248009621808,41.248128567055595],[43.58274580259273,41.09214325618257],[42.61954878110449,41.58317271581994],[41.55408410011066,41.53565623632757],[41.70317060727271,41.96294281673292],[41.45347008643839,42.64512339941794],[40.87546919125379,43.013628038091284],[40.32139448422032,43.128633938156845],[39.955008579270924,43.43499766699922]]]}},{"id":"150","type":"Feature","properties":{"pop_est":1972126,"continent":"Europe","name":"Slovenia","iso_a3":"SVN","gdp_md_est":68350.0},"geometry":{"type":"Polygon","coordinates":[[[13.806475457421527,46.509306138691215],[14.63247155117483,46.43181732846955],[15.137091912504985,46.65870270444703],[16.011663852612656,46.6836107448117],[16.202298211337364,46.85238597267696],[16.370504998447416,46.841327216166505],[16.564808383864857,46.50375092221983],[15.768732944408553,46.23810822202345],[15.671529575267556,45.83415355079788],[15.323953891672405,45.73178253842768],[15.327674594797429,45.45231639259333],[14.595109490627806,45.634940904312714],[14.411968214585414,45.46616567644746],[13.715059848697223,45.500323798192376],[13.937630242578308,45.59101593686462],[13.698109978905478,46.01677806251735],[13.806475457421527,46.509306138691215]]]}},{"id":"151","type":"Feature","properties":{"pop_est":5491218,"continent":"Europe","name":"Finland","iso_a3":"FIN","gdp_md_est":224137.0},"geometry":{"type":"Polygon","coordinates":[[[28.591929559043194,69.06477692328666],[28.445943637818658,68.36461294216404],[29.97742638522061,67.69829702419275],[29.054588657352326,66.94428620062206],[30.217650000000003,65.80598],[29.54442955904699,64.94867157659048],[30.44468468600371,64.20445343693909],[30.035872430142717,63.55281362573855],[31.516092156711125,62.86768748641289],[31.139991082490894,62.35769277612441],[28.069997592895277,60.50351654727584],[26.255172967236973,60.4239606797625],[22.869694858499457,59.846373196036225],[22.290763787533592,60.39192129174154],[21.322244093519316,60.720169989659524],[21.544866163832694,61.70532949487179],[21.05921105315369,62.60739329695874],[21.536029493910803,63.18973501245587],[22.442744174903993,63.81781037053129],[25.398067661243942,65.11142650009374],[25.294043003040404,65.53434642197045],[23.903378533633802,66.00692739527962],[23.565879754335583,66.39605093043743],[23.53947309743444,67.93600861273525],[20.645592889089528,69.10624726020087],[21.244936150810673,69.37044302029308],[22.356237827247412,68.84174144151491],[23.66204959483076,68.89124746365054],[24.735679152126725,68.64955678982146],[25.689212680776365,69.09211375596904],[26.179622023226244,69.82529897732614],[27.732292107867863,70.16419302029625],[29.015572950971972,69.76649119737799],[28.591929559043194,69.06477692328666]]]}},{"id":"152","type":"Feature","properties":{"pop_est":5445829,"continent":"Europe","name":"Slovakia","iso_a3":"SVK","gdp_md_est":168800.0},"geometry":{"type":"Polygon","coordinates":[[[22.558137648211755,49.085738023467144],[22.085608351334855,48.42226430927179],[21.872236362401736,48.31997081155002],[20.801293979584926,48.623854071642384],[20.473562045989866,48.562850043321816],[20.239054396249347,48.32756724709692],[18.77702477384767,48.081768296900634],[18.696512892336926,47.880953681014404],[17.857132602620027,47.75842886005037],[16.979666782304037,48.123497015976305],[16.879982944413,48.47001333270947],[17.101984897538898,48.816968899117114],[17.88648481616181,48.90347524677371],[18.104972771891852,49.04398346617531],[18.170498488037964,49.271514797556435],[18.554971144289482,49.495015367218784],[18.90957482267632,49.435845852244576],[19.320712517990472,49.571574001659194],[19.825022820726872,49.21712535256923],[20.415839471119853,49.43145335549977],[20.887955356538413,49.32877228453583],[21.607808058364213,49.47010732685409],[22.558137648211755,49.085738023467144]]]}},{"id":"153","type":"Feature","properties":{"pop_est":10674723,"continent":"Europe","name":"Czechia","iso_a3":"CZE","gdp_md_est":350900.0},"geometry":{"type":"Polygon","coordinates":[[[15.01699588385867,51.10667409932158],[15.490972120839729,50.78472992614321],[16.23862674323857,50.69773265237984],[16.176253289462267,50.42260732685791],[16.719475945714436,50.21574656839354],[16.86876915860566,50.47397370055603],[17.55456709155112,50.36214590107642],[17.64944502123899,50.049038397819956],[18.392913852622172,49.98862864847075],[18.853144158613617,49.49622976337764],[18.554971144289482,49.495015367218784],[18.170498488037964,49.271514797556435],[18.104972771891852,49.04398346617531],[17.88648481616181,48.90347524677371],[17.101984897538898,48.816968899117114],[16.960288120194576,48.5969823268506],[16.499282667718774,48.78580801044511],[16.02964725105022,48.73389903420793],[15.253415561593982,49.03907420510758],[14.901447381254057,48.964401760445824],[14.338897739324722,48.55530528420721],[12.521024204161193,49.547415269562734],[12.240111118222558,50.266337795607285],[14.056227654688172,50.9269176295943],[14.307013380600637,51.117267767941414],[14.570718214586066,51.002339382524276],[15.01699588385867,51.10667409932158]]]}},{"id":"154","type":"Feature","properties":{"pop_est":5918919,"continent":"Africa","name":"Eritrea","iso_a3":"ERI","gdp_md_est":9169.0},"geometry":{"type":"Polygon","coordinates":[[[36.42951000000005,14.422110000000032],[36.32321999999999,14.822490000000016],[36.852530000000115,16.956549999999993],[37.167470000000094,17.263140000000135],[37.90400000000011,17.427540000000022],[38.410089959473225,17.998307399970315],[38.990622999840014,16.840626125551694],[39.26611006038803,15.92272349696725],[41.17927493669765,14.491079616753211],[42.58957645037526,13.000421250861905],[43.08122602720016,12.699638576707116],[42.77964236834475,12.455415757695675],[42.35156000000012,12.542230000000131],[40.896600000000035,14.118640000000141],[40.02625000000012,14.519589999999994],[39.34061000000008,14.531549999999982],[39.0994,14.740640000000042],[38.512950000000046,14.50547000000006],[37.90607000000011,14.959430000000168],[37.59377000000006,14.213099999999997],[36.42951000000005,14.422110000000032]]]}},{"id":"157","type":"Feature","properties":{"pop_est":28036829,"continent":"Asia","name":"Yemen","iso_a3":"YEM","gdp_md_est":73450.0},"geometry":{"type":"Polygon","coordinates":[[[52.00000980002224,19.000003363516058],[53.10857262554751,16.651051133688952],[52.38520592632588,16.382411200419654],[52.1681649107,15.597420355689948],[49.57457645040315,14.708766587782748],[48.67923058451416,14.00320241948566],[47.938914015500785,14.007233181204427],[47.354453566279716,13.592219753468383],[46.717076450391744,13.39969920496502],[45.62505008319988,13.290946153206763],[45.406458774605255,13.026905422411433],[45.14435591002086,12.95393830001531],[44.989533318874415,12.69958690027471],[43.48295861183713,12.636800035040084],[43.22287112811213,13.220950425667425],[43.25144819516953,13.767583726450852],[42.892245314308724,14.802249253798749],[42.60487267433362,15.213335272680595],[42.80501549660005,15.261962795467255],[42.70243777850066,15.718885809791999],[42.823670688657415,15.911742255105267],[42.77933230975097,16.347891343648683],[43.21837527850275,16.66688996018641],[43.11579756040336,17.088440456607373],[43.380794305196105,17.57998668056767],[43.79151858905192,17.31997671149111],[45.21665123879719,17.433328965723334],[46.366658563020536,17.233315334537636],[46.74999433776165,17.283338120996177],[47.000004917189756,16.949999294497445],[47.46669477721763,17.116681626854884],[48.18334354024134,18.166669216377315],[49.11667158386487,18.616667588774945],[52.00000980002224,19.000003363516058]]]}},{"id":"158","type":"Feature","properties":{"pop_est":28571770,"continent":"Asia","name":"Saudi Arabia","iso_a3":"SAU","gdp_md_est":1731000.0},"geometry":{"type":"Polygon","coordinates":[[[34.95603722508426,29.356554673778845],[36.06894087092206,29.197494615184453],[36.50121422704359,29.505253607698705],[36.74052778498725,29.86528331147619],[37.503581984209035,30.003776150018407],[37.66811974462638,30.3386652694859],[37.998848911294374,30.508499864213135],[37.00216556168101,31.508412990844747],[39.00488569515255,32.01021698661498],[39.19546837744497,32.16100881604267],[40.399994337736246,31.889991766887935],[41.889980910007836,31.19000865327837],[44.70949873228474,29.178891099559383],[47.45982181172283,29.002519436147224],[47.708850538937384,28.526062730416143],[48.416094191283946,28.55200429942667],[48.80759484232718,27.689627997339883],[49.29955447774583,27.46121816660981],[49.47091352722566,27.109999294538085],[50.15242231629088,26.689663194275997],[50.212935418504685,26.277026882425375],[50.11330325704594,25.94397227630425],[50.239858839728754,25.608049628190926],[50.527386509000735,25.327808335872103],[50.81010827006958,24.754742539971378],[51.11241539897702,24.556330878186724],[51.38960778179063,24.62738597258806],[52.000733270074335,23.00115448657894],[55.006803012924905,22.496947536707136],[55.208341098863194,22.708329982997046],[55.666659376859826,22.00000112557234],[54.99998172386236,19.999994004796108],[52.00000980002224,19.000003363516058],[49.11667158386487,18.616667588774945],[48.18334354024134,18.166669216377315],[47.46669477721763,17.116681626854884],[47.000004917189756,16.949999294497445],[46.74999433776165,17.283338120996177],[46.366658563020536,17.233315334537636],[45.21665123879719,17.433328965723334],[43.79151858905192,17.31997671149111],[43.380794305196105,17.57998668056767],[43.11579756040336,17.088440456607373],[43.21837527850275,16.66688996018641],[42.77933230975097,16.347891343648683],[42.649572788266084,16.774635321514964],[42.34798912941071,17.075805568912003],[42.270887892431226,17.474721787989125],[41.75438195167396,17.833046169500975],[41.22139122901558,18.67159963630121],[40.93934126156654,19.486485297111756],[40.247652215339826,20.17463450772649],[39.80168460466095,20.338862209550058],[39.139399448408284,21.291904812092934],[39.06632897314759,22.57965566659027],[38.49277225114008,23.688451036060854],[38.02386030452362,24.078685614512935],[37.483634881344386,24.285494696545015],[37.154817742671185,24.85848297779731],[37.209491408036,25.084541530858107],[36.93162723160259,25.60295949961018],[36.639603712721225,25.826227525327223],[36.249136590323815,26.57013560638488],[35.13018680190788,28.06335195567472],[34.63233605320798,28.058546047471566],[34.95603722508426,29.356554673778845]]]}},{"id":"160","type":"Feature","properties":{"pop_est":265100,"continent":"Asia","name":"N. Cyprus","iso_a3":"-99","gdp_md_est":3600.0},"geometry":{"type":"Polygon","coordinates":[[[32.73178022637745,35.14002594658844],[32.946960890440806,35.3867033961337],[33.667227003724946,35.37321584730552],[34.576473829900465,35.67159556735879],[33.900804477684204,35.245755927057616],[33.97361657078346,35.058506374648005],[33.47581749851585,35.000344550103506],[33.3838334490363,35.16271190036457],[32.73178022637745,35.14002594658844]]]}},{"id":"161","type":"Feature","properties":{"pop_est":1221549,"continent":"Asia","name":"Cyprus","iso_a3":"CYP","gdp_md_est":29260.0},"geometry":{"type":"Polygon","coordinates":[[[32.25666710788596,35.10323232679663],[33.3838334490363,35.16271190036457],[33.47581749851585,35.000344550103506],[33.86643965021011,35.09359467217419],[34.00488081232004,34.97809784600186],[32.97982710137845,34.57186941175544],[32.49029625827754,34.701654771456475],[32.25666710788596,35.10323232679663]]]}},{"id":"162","type":"Feature","properties":{"pop_est":33986655,"continent":"Africa","name":"Morocco","iso_a3":"MAR","gdp_md_est":282800.0},"geometry":{"type":"Polygon","coordinates":[[[-2.169913702798624,35.16839630791668],[-1.792985805661715,34.527918606091305],[-1.7334545556614671,33.91971283623212],[-1.388049282222596,32.86401500094138],[-1.1245511539663084,32.65152151135713],[-1.30789913573787,32.2628889023061],[-2.616604783529567,32.09434621838619],[-3.068980271812648,31.724497992473218],[-3.647497931320146,31.637294012980675],[-3.6904410465547244,30.896951605751156],[-4.859646165374471,30.501187649043846],[-5.242129278982787,30.00044302013559],[-7.059227667661958,29.5792284205246],[-8.674116176782974,28.84128896739658],[-8.665589565454809,27.656425889592356],[-8.817828334986672,27.656425889592356],[-8.794883999049077,27.120696316022507],[-9.41303748212448,27.088476060488574],[-9.735343390328879,26.860944729107405],[-10.551262579785273,26.990807603456886],[-11.392554897497007,26.883423977154393],[-11.718219773800357,26.104091701760623],[-12.03075883630163,26.030866197203068],[-12.50096269372537,24.7701162785782],[-13.891110398809047,23.691009019459305],[-14.221167771857253,22.31016307218816],[-14.630832688851072,21.860939846274903],[-14.750954555713534,21.500600083903663],[-17.02042843267577,21.422310288981578],[-16.973247849993243,21.885744533774982],[-16.589136928767687,22.158234361250095],[-16.261921759495635,22.679339504481277],[-16.3264139469959,23.017768459560898],[-15.982610642958036,23.723358466074046],[-15.426003790742186,24.35913361256104],[-15.089331834360735,24.520260728447],[-14.824645148161665,25.103532619725343],[-14.800925665739726,25.63626496022232],[-14.439939947964831,26.254418443297652],[-13.773804897506466,26.618892320252314],[-13.13994177901435,27.640147813420526],[-12.618836635783111,28.03818553314869],[-11.688919236690765,28.148643907172527],[-10.900956997104402,28.83214223888092],[-10.399592251008642,29.09858592377782],[-9.564811163765683,29.93357371674989],[-9.814718390329176,31.17773550060906],[-9.300692918321886,32.564679266890664],[-8.657476365585012,33.240245266242425],[-6.912544114601417,34.110476386037476],[-5.92999426921989,35.75998810479399],[-5.193863491222032,35.75518219659085],[-4.591006232105144,35.330711981745594],[-3.640056525070065,35.399855048152006],[-2.169913702798624,35.16839630791668]]]}},{"id":"163","type":"Feature","properties":{"pop_est":97041072,"continent":"Africa","name":"Egypt","iso_a3":"EGY","gdp_md_est":1105000.0},"geometry":{"type":"Polygon","coordinates":[[[36.86622999999997,22.0],[25.0,22.0],[25.0,29.23865452953346],[24.70007,30.044190000000004],[24.957620000000002,30.6616],[24.802869999999984,31.089290000000005],[25.16482,31.56915],[26.49533,31.58568],[28.913529999999998,30.87005],[30.09503,31.4734],[30.976930000000003,31.55586],[31.687960000000004,31.4296],[31.96041,30.933600000000002],[32.19247,31.26034],[32.99392,31.024070000000002],[33.7734,30.967460000000003],[34.265440000000005,31.219359999999998],[34.9226,29.50133],[34.64174,29.099420000000002],[34.15451,27.8233],[33.92136,27.6487],[33.13676,28.417650000000002],[32.423230000000004,29.851080000000003],[32.32046,29.76043],[32.73482,28.70523],[34.10455,26.14227],[34.79507,25.03375],[35.69241,23.92671],[35.49372,23.752370000000003],[35.52598,23.10244],[36.86622999999997,22.0]]]}},{"id":"164","type":"Feature","properties":{"pop_est":6653210,"continent":"Africa","name":"Libya","iso_a3":"LBY","gdp_md_est":90890.0},"geometry":{"type":"Polygon","coordinates":[[[25.0,29.23865452953346],[25.000000000000114,20.003040000000055],[23.850000000000136,20.000000000000057],[23.83766000000014,19.580470000000105],[15.860850000000084,23.409719999999993],[14.143870883855243,22.491288967371133],[13.581424594790462,23.04050608976928],[11.999505649471613,23.47166840259645],[11.560669386449005,24.097909247325518],[10.771363559622927,24.56253205006175],[10.303846876678362,24.379313259370917],[9.94826134607797,24.936953640232517],[9.910692579801776,25.365454616796796],[9.319410841518163,26.094324856057455],[9.716285841519664,26.512206325785655],[9.683884718472768,28.1441738957792],[9.859997999723447,28.959989732371014],[9.482139926805274,30.307556057246188],[9.970017124072854,30.53932485607524],[10.056575148161699,30.961831366493527],[9.950225050505082,31.376069647745258],[11.432253452203696,32.368903103152874],[11.488787469131012,33.13699575452324],[12.663310000000024,32.79278000000005],[13.083260000000053,32.878820000000076],[13.918679999999995,32.71196000000009],[15.245630000000006,32.26508000000007],[15.713939999999923,31.376259999999945],[18.02108999999996,30.76356999999996],[19.08641,30.26639],[19.574040000000082,30.52582000000001],[20.053349999999966,30.985760000000028],[19.82033000000007,31.751790000000142],[20.13396999999992,32.238200000000006],[20.854520000000093,32.70679999999999],[21.54298,32.843200000000024],[22.895760000000053,32.63857999999999],[23.236800000000017,32.191490000000044],[24.921139999999923,31.89936],[25.16482,31.56915],[24.802869999999984,31.089290000000005],[24.957620000000002,30.6616],[24.70007,30.044190000000004],[25.0,29.23865452953346]]]}},{"id":"165","type":"Feature","properties":{"pop_est":105350020,"continent":"Africa","name":"Ethiopia","iso_a3":"ETH","gdp_md_est":174700.0},"geometry":{"type":"Polygon","coordinates":[[[47.78942,8.003],[44.96360000000001,5.00162],[43.66086999999999,4.957550000000083],[42.76967,4.25259],[42.128609999999995,4.23413],[41.85508309264397,3.918911920483727],[41.1718,3.9190899999999997],[40.76848,4.257020000000001],[39.85494,3.83879],[39.55938425876585,3.42206],[38.67114,3.6160700000000006],[38.120915,3.598605],[36.85509323800812,4.447864127672769],[36.159078632855646,4.447864127672769],[35.817447662353516,4.7769656634618896],[35.817447662353516,5.338232082790797],[35.29800711823298,5.506],[34.70702,6.594220000000121],[34.250320000000045,6.8260700000000725],[34.07510000000002,7.2259500000000685],[33.568290000000104,7.7133400000000165],[32.954180000000065,7.784970000000101],[33.29480000000012,8.354580000000055],[33.82550000000015,8.37916000000007],[33.97498000000007,8.68455999999992],[33.961620000000096,9.583580000000097],[34.25745000000006,10.630089999999996],[34.73115000000013,10.910170000000107],[35.26049000000006,12.08286000000004],[35.86363,12.578280000000063],[36.27022000000005,13.563330000000121],[36.42951000000005,14.422110000000032],[37.59377000000006,14.213099999999997],[37.90607000000011,14.959430000000168],[38.512950000000046,14.50547000000006],[39.0994,14.740640000000042],[39.34061000000008,14.531549999999982],[40.02625000000012,14.519589999999994],[40.896600000000035,14.118640000000141],[41.59856000000002,13.452090000000112],[42.35156000000012,12.542230000000131],[41.66176000000013,11.631199999999978],[41.755570000000205,11.050910000000101],[42.55493000000013,11.105110000000195],[42.77685184100096,10.92687856693442],[42.55875999999995,10.57258000000013],[43.678750000000036,9.18358000000012],[46.94834000000009,7.99688000000009],[47.78942,8.003]]]}},{"id":"166","type":"Feature","properties":{"pop_est":865267,"continent":"Africa","name":"Djibouti","iso_a3":"DJI","gdp_md_est":3345.0},"geometry":{"type":"Polygon","coordinates":[[[42.35156000000012,12.542230000000131],[42.77964236834475,12.455415757695675],[43.08122602720016,12.699638576707116],[43.31785241066467,12.390148423711025],[43.286381463398925,11.974928290245884],[42.715873650896526,11.735640570518342],[43.14530480324214,11.462039699748857],[42.77685184100096,10.92687856693442],[42.55493000000013,11.105110000000195],[41.755570000000205,11.050910000000101],[41.66176000000013,11.631199999999978],[42.35156000000012,12.542230000000131]]]}},{"id":"167","type":"Feature","properties":{"pop_est":3500000,"continent":"Africa","name":"Somaliland","iso_a3":"-99","gdp_md_est":12250.0},"geometry":{"type":"Polygon","coordinates":[[[48.94820475850985,11.41061728169797],[48.93812951029645,9.451748968946617],[47.78942,8.003],[46.94834000000009,7.99688000000009],[43.678750000000036,9.18358000000012],[42.55875999999995,10.57258000000013],[43.14530480324214,11.462039699748857],[43.470659620951665,11.277709865763882],[43.66666832863484,10.86416921634816],[44.11780358254282,10.445538438351605],[46.645401238803004,10.816549383991173],[48.37878380716927,11.375481675660126],[48.94820475850985,11.41061728169797]]]}},{"id":"170","type":"Feature","properties":{"pop_est":3856181,"continent":"Europe","name":"Bosnia and Herz.","iso_a3":"BIH","gdp_md_est":42530.0},"geometry":{"type":"Polygon","coordinates":[[[18.559999999999945,42.64999999999998],[17.674921502358984,43.02856252702361],[16.456442905348865,44.04123973243128],[15.750026075918981,44.818711656262565],[15.959367303133376,45.23377676043094],[16.318156772535872,45.00412669532591],[16.534939406000206,45.21160757097772],[17.002146030351014,45.23377676043094],[17.861783481526402,45.067740383477144],[18.553214145591653,45.08158966733146],[19.00548000000009,44.86023],[19.36802999999992,44.863000000000056],[19.11761000000007,44.42307000000011],[19.59976000000006,44.03846999999996],[19.454000000000065,43.56810000000013],[18.706480000000056,43.200109999999995],[18.559999999999945,42.64999999999998]]]}},{"id":"171","type":"Feature","properties":{"pop_est":2103721,"continent":"Europe","name":"Macedonia","iso_a3":"MKD","gdp_md_est":29520.0},"geometry":{"type":"Polygon","coordinates":[[[22.380525750424592,42.32025950781509],[22.881373732197346,41.999297186850356],[22.952377150166452,41.33799388281115],[22.597308383889015,41.130487168943205],[22.05537763844427,41.14986583105269],[21.674160597426976,40.931274522457954],[21.0200403174764,40.84272695572588],[20.605181919037364,41.086226304685226],[20.463175083099202,41.51508901627534],[20.762159999999994,42.05186000000003],[22.380525750424592,42.32025950781509]]]}},{"id":"172","type":"Feature","properties":{"pop_est":7111024,"continent":"Europe","name":"Serbia","iso_a3":"SRB","gdp_md_est":101800.0},"geometry":{"type":"Polygon","coordinates":[[[18.829824792873946,45.908872358025285],[19.596044549241583,46.17172984474454],[20.220192498462836,46.127468980486555],[20.762174920339987,45.734573065771485],[20.874312778413355,45.416375433934235],[21.48352623870221,45.18117015235788],[21.56202273935361,44.7689472519655],[22.14508792490281,44.47842234962059],[22.459022251075936,44.7025171982543],[22.705725538837356,44.57800283464702],[22.4740084164406,44.40922760678177],[22.65714969248299,44.23492300066128],[22.410446404721597,44.008063462899955],[22.500156691180223,43.642814439461006],[22.986018507588483,43.2111612005271],[22.60480146657133,42.898518785161144],[22.43659467946128,42.580321153323936],[22.54501183440962,42.46136200618804],[22.380525750424592,42.32025950781509],[21.57663598940212,42.24522439706186],[21.77505000000002,42.68270000000001],[20.814480000000003,43.27205000000009],[20.63507999999996,43.21670999999998],[20.496790000000033,42.884690000000035],[20.257580000000075,42.81275000000011],[20.339800000000082,42.89852000000002],[19.218519999999955,43.52384000000001],[19.454000000000065,43.56810000000013],[19.59976000000006,44.03846999999996],[19.11761000000007,44.42307000000011],[19.36802999999992,44.863000000000056],[19.00548000000009,44.86023],[19.39047570158459,45.236515611342384],[18.829824792873946,45.908872358025285]]]}},{"id":"173","type":"Feature","properties":{"pop_est":642550,"continent":"Europe","name":"Montenegro","iso_a3":"MNE","gdp_md_est":10610.0},"geometry":{"type":"Polygon","coordinates":[[[20.070700000000045,42.58863000000008],[19.801613396898688,42.50009349219084],[19.73805138517963,42.68824738216557],[19.304486118250793,42.19574514420782],[19.37176816334725,41.877550679783496],[18.45001688302086,42.47999224531218],[18.706480000000056,43.200109999999995],[19.218519999999955,43.52384000000001],[20.339800000000082,42.89852000000002],[20.070700000000045,42.58863000000008]]]}},{"id":"174","type":"Feature","properties":{"pop_est":1895250,"continent":"Europe","name":"Kosovo","iso_a3":"-99","gdp_md_est":18490.0},"geometry":{"type":"Polygon","coordinates":[[[20.590246546680227,41.855408919283626],[20.522950000000037,42.21787000000006],[20.070700000000045,42.58863000000008],[20.496790000000033,42.884690000000035],[20.63507999999996,43.21670999999998],[20.814480000000003,43.27205000000009],[21.77505000000002,42.68270000000001],[21.57663598940212,42.24522439706186],[20.762159999999994,42.05186000000003],[20.71731000000011,41.84711000000004],[20.590246546680227,41.855408919283626]]]}},{"id":"176","type":"Feature","properties":{"pop_est":13026129,"continent":"Africa","name":"S. Sudan","iso_a3":"SSD","gdp_md_est":20880.0},"geometry":{"type":"Polygon","coordinates":[[[30.833852421715427,3.5091716042224625],[29.953500197069474,4.173699042167684],[29.71599531425602,4.600804755060153],[29.1590784034465,4.389267279473231],[28.696677687298802,4.455077215996937],[28.428993768026913,4.287154649264494],[27.97997724784281,4.408413397637375],[27.21340905122517,5.5509534773945575],[26.465909458123235,5.9467174341018705],[26.213418409945117,6.546603298362072],[25.124130893664727,7.500085150579437],[25.11493248871679,7.825104071479174],[23.886979580860668,8.619729712933065],[24.53741516360202,8.91753756573172],[24.794925745412684,9.810240916008695],[25.069603699343986,10.273759963267992],[25.790633328413946,10.411098940233728],[26.477328213242515,9.552730334198088],[26.752006167173818,9.466893473594496],[27.112520981708883,9.638567194801624],[27.833550610778786,9.60423245056029],[27.970889587744352,9.398223985111656],[28.966597170745786,9.398223985111656],[29.000931914987177,9.60423245056029],[29.515953078608618,9.793073543888056],[29.61895731133285,10.084918869940225],[29.996639497988554,10.290927335388687],[30.837840731903384,9.70723668328452],[31.35286189552488,9.810240916008695],[32.400071594888345,11.080626452941488],[32.31423473428475,11.68148447716652],[32.073891524594785,11.973329803218519],[32.67474954881965,12.02483191958072],[32.743419037302544,12.248007757149992],[33.206938084561784,12.179338268667095],[33.086766479716744,11.441141267476496],[33.206938084561784,10.720111638406593],[33.72195924818311,10.325262079630193],[33.82496348090751,9.484060845715362],[33.963392794971185,9.464285229420625],[33.97498000000007,8.68455999999992],[33.82550000000015,8.37916000000007],[33.29480000000012,8.354580000000055],[32.954180000000065,7.784970000000101],[33.568290000000104,7.7133400000000165],[34.07510000000002,7.2259500000000685],[34.250320000000045,6.8260700000000725],[34.70702,6.594220000000121],[35.29800711823298,5.506],[33.3900000000001,3.7899999999999636],[32.686420000000055,3.7923200000000747],[31.881449999999973,3.558269999999993],[31.24556000000007,3.7819000000000074],[30.833852421715427,3.5091716042224625]]]}}]}